patient_id,mutation,EGFR_type,cohort,batch_domain,gene,egfr_hotspot_label,is_egfr_hotspot,mutation_class,is_nonsynonymous
TCGA-05-4382-01,R222L E545Q,Other,TCGA,TCGA,EGFR,other,0,other,0
TCGA-05-4402-01,T751_I759delinsN I759N,Exon19,TCGA,TCGA,EGFR,other,0,deletion,1
TCGA-05-4410-01,R377S,Other,TCGA,TCGA,EGFR,other,0,other,0
TCGA-05-5423-01,L833F L861Q,Other,TCGA,TCGA,EGFR,other,0,other,0
TCGA-17-Z026-01,G721V,Other,TCGA,TCGA,EGFR,other,0,other,0
TCGA-17-Z032-01,E746_A750del,Exon19,TCGA,TCGA,EGFR,other,0,deletion,1
TCGA-17-Z047-01,L858R,L858R,TCGA,TCGA,EGFR,L858R,1,other,0
TCGA-17-Z048-01,D770_N771insGL,Other,TCGA,TCGA,EGFR,other,0,other,0
TCGA-38-4627-01,L62R L858R,L858R,TCGA,TCGA,EGFR,L858R,1,other,0
TCGA-38-4628-01,E746_A750del,Exon19,TCGA,TCGA,EGFR,other,0,deletion,1
TCGA-38-6178-01,E746_A750del,Exon19,TCGA,TCGA,EGFR,other,0,deletion,1
TCGA-44-5645-01,A767_V769dup,Other,TCGA,TCGA,EGFR,other,0,other,0
TCGA-44-A4SU-01,G719C S768I,Other,TCGA,TCGA,EGFR,other,0,other,0
TCGA-49-4490-01,L858R,L858R,TCGA,TCGA,EGFR,L858R,1,other,0
TCGA-49-4494-01,L858R T790M,L858R,TCGA,TCGA,EGFR,L858R,1,other,0
TCGA-49-4501-01,E746_A750del,Exon19,TCGA,TCGA,EGFR,other,0,deletion,1
TCGA-50-5066-01,X210_splice,Other,TCGA,TCGA,EGFR,other,0,splice,1
TCGA-50-5944-01,L858R,L858R,TCGA,TCGA,EGFR,L858R,1,other,0
TCGA-50-6591-01,K754_I759del L833V,Exon19,TCGA,TCGA,EGFR,other,0,deletion,1
TCGA-50-6595-01,G719A S768I,Other,TCGA,TCGA,EGFR,other,0,other,0
TCGA-50-6673-01,H773dup,Other,TCGA,TCGA,EGFR,other,0,other,0
TCGA-55-6968-01,E866K,Other,TCGA,TCGA,EGFR,other,0,other,0
TCGA-55-6980-01,E709_T710delinsD,Exon19,TCGA,TCGA,EGFR,other,0,deletion,1
TCGA-55-6981-01,L747_T751del,Exon19,TCGA,TCGA,EGFR,other,0,deletion,1
TCGA-55-7570-01,V300M,Other,TCGA,TCGA,EGFR,other,0,other,0
TCGA-55-7573-01,K754E L747_E749del,Exon19,TCGA,TCGA,EGFR,other,0,deletion,1
TCGA-55-8096-01,L858R,L858R,TCGA,TCGA,EGFR,L858R,1,other,0
TCGA-55-8206-01,E746_A750del,Exon19,TCGA,TCGA,EGFR,other,0,deletion,1
TCGA-55-8506-01,L858R,L858R,TCGA,TCGA,EGFR,L858R,1,other,0
TCGA-55-A48Z-01,G719A,Other,TCGA,TCGA,EGFR,other,0,other,0
TCGA-55-A57B-01,L747_T751del,Exon19,TCGA,TCGA,EGFR,other,0,deletion,1
TCGA-62-8394-01,L858R,L858R,TCGA,TCGA,EGFR,L858R,1,other,0
TCGA-62-8402-01,E746_A750del,Exon19,TCGA,TCGA,EGFR,other,0,deletion,1
TCGA-62-A46U-01,E746_A750del,Exon19,TCGA,TCGA,EGFR,other,0,deletion,1
TCGA-64-1681-01,L858R,L858R,TCGA,TCGA,EGFR,L858R,1,other,0
TCGA-67-3770-01,L858R,L858R,TCGA,TCGA,EGFR,L858R,1,other,0
TCGA-67-3772-01,L858R,L858R,TCGA,TCGA,EGFR,L858R,1,other,0
TCGA-67-6217-01,L858R,L858R,TCGA,TCGA,EGFR,L858R,1,other,0
TCGA-69-7760-01,E709_T710delinsD,Exon19,TCGA,TCGA,EGFR,other,0,deletion,1
TCGA-69-7765-01,Q486*,Other,TCGA,TCGA,EGFR,other,0,other,0
TCGA-71-8520-01,L62R L858R,L858R,TCGA,TCGA,EGFR,L858R,1,other,0
TCGA-75-6207-01,E746_A750del,Exon19,TCGA,TCGA,EGFR,other,0,deletion,1
TCGA-75-6212-01,L747_A750delinsP,Exon19,TCGA,TCGA,EGFR,other,0,deletion,1
TCGA-75-7025-01,E746_A750del,Exon19,TCGA,TCGA,EGFR,other,0,deletion,1
TCGA-78-7147-01,L861Q D1083Efs*11 L387M,Other,TCGA,TCGA,EGFR,other,0,other,0
TCGA-78-7155-01,K754I G901V Q432H,Other,TCGA,TCGA,EGFR,other,0,other,0
TCGA-78-7158-01,L907M,Other,TCGA,TCGA,EGFR,other,0,other,0
TCGA-86-8055-01,L858R,L858R,TCGA,TCGA,EGFR,L858R,1,other,0
TCGA-86-8074-01,E746_A750del,Exon19,TCGA,TCGA,EGFR,other,0,deletion,1
TCGA-86-8075-01,L858R,L858R,TCGA,TCGA,EGFR,L858R,1,other,0
TCGA-86-8280-01,E746_A750del,Exon19,TCGA,TCGA,EGFR,other,0,deletion,1
TCGA-86-8668-01,L858R,L858R,TCGA,TCGA,EGFR,L858R,1,other,0
TCGA-86-A4P7-01,E709_T710delinsD,Exon19,TCGA,TCGA,EGFR,other,0,deletion,1
TCGA-91-6835-01,L858R,L858R,TCGA,TCGA,EGFR,L858R,1,other,0
TCGA-93-A4JP-01,L861Q,Other,TCGA,TCGA,EGFR,other,0,other,0
TCGA-95-7039-01,S921R,Other,TCGA,TCGA,EGFR,other,0,other,0
TCGA-95-7947-01,I91V R1052I,Other,TCGA,TCGA,EGFR,other,0,other,0
TCGA-97-8171-01,E746_A750del,Exon19,TCGA,TCGA,EGFR,other,0,deletion,1
TCGA-97-8172-01,G627*,Other,TCGA,TCGA,EGFR,other,0,other,0
TCGA-97-8177-01,L858R,L858R,TCGA,TCGA,EGFR,L858R,1,other,0
TCGA-97-8547-01,E746_A750del,Exon19,TCGA,TCGA,EGFR,other,0,deletion,1
TCGA-97-8552-01,E746_A750del,Exon19,TCGA,TCGA,EGFR,other,0,deletion,1
TCGA-97-A4M1-01,L858R,L858R,TCGA,TCGA,EGFR,L858R,1,other,0
TCGA-97-A4M6-01,E746_A750del,Exon19,TCGA,TCGA,EGFR,other,0,deletion,1
TCGA-97-A4M7-01,L858R,L858R,TCGA,TCGA,EGFR,L858R,1,other,0
TCGA-J2-8192-01,E746_A750del,Exon19,TCGA,TCGA,EGFR,other,0,deletion,1
TCGA-L9-A50W-01,L858R T790M,L858R,TCGA,TCGA,EGFR,L858R,1,other,0
TCGA-MP-A4SW-01,L858R,L858R,TCGA,TCGA,EGFR,L858R,1,other,0
TCGA-MP-A4T6-01,L747_A750delinsP,Exon19,TCGA,TCGA,EGFR,other,0,deletion,1
TCGA-MP-A4T9-01,L858R,L858R,TCGA,TCGA,EGFR,L858R,1,other,0
