PATIENT_ID,Y1172_ISLDNPDYQQDFFPK,Y1069_EDSFLQRYSSDPTGA,Y1172_ISLDNPDYQQDFFPK.1,Y1069_EDSFLQRYSSDPTGA.1
C3L-00001,21.9244761227765,,,
C3L-00009,18.5908841694119,,,
C3L-00080,17.556574774345,,,
C3L-00083,,,,
C3L-00093,,,,
C3L-00094,,,,
C3L-00095,,,,
C3L-00140,18.9361725316109,,,
C3L-00144,,,,
C3L-00263,18.8743996982343,,,
C3L-00279,18.9143960633021,,,
C3L-00368,20.4697886721924,,,
C3L-00412,,,,
C3L-00422,,,,
C3L-00510,,,,
C3L-00604,18.0477512852206,11.5915561395594,,
C3L-00893,,,,
C3L-00913,,,,
C3L-00973,,,,
C3L-01330,,,,
C3L-01632,18.9674707067195,,,
C3L-01682,,,,
C3L-01683,,,,
C3L-01862,,,,
C3L-01889,,,,
C3L-01890,,,,
C3L-01924,,,,
C3L-02219,,,,
C3L-02345,,,,
C3L-02348,,,,
C3L-02350,,,,
C3L-02365,,,,
C3L-02508,,,,
C3L-02549,,,,
C3N-00167,19.2989694032304,,,
C3N-00169,,,,
C3N-00175,,,,
C3N-00180,,,,
C3N-00199,20.2192409975538,12.5424573311485,,
C3N-00203,,,,
C3N-00217,19.3503791103925,,,
C3N-00223,,,,
C3N-00293,,,,
C3N-00294,20.1290208219156,,,
C3N-00433,,,,
C3N-00546,19.3275039252123,,,
C3N-00547,18.0363267739286,,,
C3N-00549,,,,
C3N-00550,18.1687589681828,,,
C3N-00551,,,,
C3N-00552,,,,
C3N-00556,19.1346232712057,,,
C3N-00559,,,,
C3N-00560,,,,
C3N-00572,,,,
C3N-00574,,,,
C3N-00578,19.6621048051334,,,
C3N-00579,19.1177568358124,12.3406931941035,,
C3N-00580,,,,
C3N-00704,20.3730920025708,,,
C3N-00737,18.2977539907789,,,
C3N-00738,,,,
C3N-00959,,,,
C3N-01016,,,,
C3N-01021,,,,
C3N-01023,17.6786449420201,,,
C3N-01024,18.1281593651455,,,
C3N-01030,,,,
C3N-01071,17.276410057835,,,
C3N-01072,,,,
C3N-01074,18.4378756012437,,,
C3N-01405,18.9670355557265,,,
C3N-01410,18.0256341065003,,,
C3N-01413,,,,
C3N-01414,18.3598660629335,,,
C3N-01415,,,,
C3N-01416,18.8023682702779,,,
C3N-01488,,,,
C3N-01489,18.823375096458,,,
C3N-01799,,,,
C3N-01823,,,,
C3N-01842,,,,
C3N-02000,19.9862464950008,,,
C3N-02002,20.0056225721796,,,
C3N-02003,,,,
C3N-02067,20.1980677254268,,,
C3N-02087,18.8854712684865,,,
C3N-02089,,,,
C3N-02145,,,,
C3N-02149,16.9484604318587,,,
C3N-02155,21.2097805921879,,,
C3N-02158,17.8500341620398,,,
C3N-02379,21.5232646834421,,,
C3N-02380,,,,
C3N-02421,20.6673635750963,,,
C3N-02422,18.1896715319823,,,
C3N-02423,,,,
C3N-02424,18.9802177199056,,,
C3N-02433,,,,
C3N-02529,21.1139236456376,,,
C3N-02572,,,,
C3N-02582,20.532433936782,13.408001186734,,
C3N-02586,,,,
C3N-02587,,,,
C3N-02588,,,,
C3N-02729,20.6944996286441,,,
C3L-00001.N,,,18.2272823414161,
C3L-00009.N,,,18.943227094608,
C3L-00080.N,,,18.4959207739934,
C3L-00083.N,,,,
C3L-00093.N,,,,
C3L-00094.N,,,,
C3L-00095.N,,,,
C3L-00140.N,,,17.961018816435,
C3L-00144.N,,,,
C3L-00263.N,,,18.695360253151,
C3L-00279.N,,,18.3509477444261,
C3L-00368.N,,,18.0428778618427,
C3L-00412.N,,,,
C3L-00422.N,,,,
C3L-00510.N,,,,
C3L-00604.N,,,18.8903685858065,11.8281901829503
C3L-00893.N,,,,
C3L-00913.N,,,,
C3L-00973.N,,,,
C3L-01330.N,,,,
C3L-01632.N,,,19.0090472434425,
C3L-01682.N,,,,
C3L-01683.N,,,,
C3L-01889.N,,,,
C3L-01890.N,,,,
C3L-01924.N,,,,
C3L-02219.N,,,,
C3L-02345.N,,,,
C3L-02348.N,,,,
C3L-02350.N,,,,
C3L-02365.N,,,,
C3L-02508.N,,,,
C3L-02549.N,,,,
C3N-00167.N,,,18.5838430482068,
C3N-00169.N,,,,
C3N-00175.N,,,,
C3N-00180.N,,,,
C3N-00199.N,,,19.3613091612686,12.8601773850443
C3N-00203.N,,,,
C3N-00217.N,,,19.5572335831056,
C3N-00223.N,,,,
C3N-00293.N,,,,
C3N-00433.N,,,,
C3N-00546.N,,,19.0909138561147,
C3N-00547.N,,,17.5820638650103,
C3N-00549.N,,,,
C3N-00550.N,,,18.4446468437134,
C3N-00551.N,,,,
C3N-00552.N,,,,
C3N-00556.N,,,18.4256154714471,
C3N-00559.N,,,,
C3N-00560.N,,,,
C3N-00572.N,,,,
C3N-00574.N,,,,
C3N-00578.N,,,18.7266435581627,
C3N-00579.N,,,19.21606896076,12.6752511917185
C3N-00580.N,,,,
C3N-00704.N,,,19.1508241957678,
C3N-00737.N,,,18.419477459015,
C3N-00738.N,,,,
C3N-00959.N,,,,
C3N-01016.N,,,,
C3N-01021.N,,,,
C3N-01023.N,,,17.7411370684804,
C3N-01024.N,,,18.5504674451092,
C3N-01030.N,,,,
C3N-01071.N,,,18.3590239090169,
C3N-01072.N,,,,
C3N-01405.N,,,18.935919120144,
C3N-01410.N,,,18.5084950209496,
C3N-01413.N,,,,
C3N-01414.N,,,18.8998931446981,
C3N-01415.N,,,,
C3N-01416.N,,,18.5527696294692,
C3N-01488.N,,,,
C3N-01489.N,,,18.6239223399059,
C3N-01799.N,,,,
C3N-01823.N,,,,
C3N-02000.N,,,18.8405818201097,
C3N-02002.N,,,19.2773703067221,
C3N-02003.N,,,,
C3N-02067.N,,,18.1947390744944,
C3N-02087.N,,,18.8518046655026,
C3N-02089.N,,,,
C3N-02145.N,,,,
C3N-02149.N,,,18.4174548029585,
C3N-02155.N,,,19.4847971642841,
C3N-02158.N,,,18.57962347382709,
C3N-02379.N,,,,
C3N-02380.N,,,,
C3N-02421.N,,,19.201457971385,
C3N-02423.N,,,,
C3N-02424.N,,,18.7425888792658,
C3N-02433.N,,,,
C3N-02529.N,,,18.1527361753539,
C3N-02572.N,,,,
C3N-02582.N,,,19.123044192761,12.8166009366407
C3N-02586.N,,,,
C3N-02587.N,,,,
C3N-02588.N,,,,
C3N-02729.N,,,18.3543338291727,
