PATIENT_ID,EGFR_binding_site,EGFR_phospho_value,EGFR_activity_mean
C3L-00001,S991,23.4232198955577,1
C3L-00009,S991,22.7500156139243,1
C3L-00080,S991,21.8504186093133,1
C3L-00083,S991,21.9161263705187,1
C3L-00093,S991,22.4274141868437,1
C3L-00094,S991,21.8456636871627,1
C3L-00095,S991,22.0567701749543,1
C3L-00140,S991,22.5018659436381,1
C3L-00144,S991,21.7945423551217,1
C3L-00263,S991,22.555752090244,1
C3L-00279,S991,22.127653895323,1
C3L-00368,S991,22.4871044665789,1
C3L-00412,S991,22.4749729862049,1
C3L-00422,S991,22.4431882924253,1
C3L-00510,S991,22.5111563952341,1
C3L-00604,S991,22.8223359773773,1
C3L-00893,S991,22.2891131422569,1
C3L-00913,S991,22.5462327672512,1
C3L-00973,S991,21.9176876010772,1
C3L-01330,S991,21.8199128110537,1
C3L-01632,S991,22.3426702008448,1
C3L-01682,S991,22.3907330568987,1
C3L-01683,S991,21.5940574382881,1
C3L-01862,S991,22.5685252040707,1
C3L-01889,S991,22.2757868253623,1
C3L-01890,S991,22.4570045900383,1
C3L-01924,S991,21.7395495739888,1
C3L-02219,S991,22.9038657833472,1
C3L-02345,S991,22.5624360148404,1
C3L-02348,S991,22.1417643317248,1
C3L-02350,S991,22.3808007876504,1
C3L-02365,S991,22.4773015435222,1
C3L-02508,S991,21.7145310991909,1
C3L-02549,S991,22.8284589724493,1
C3N-00167,S991,22.0067030202489,1
C3N-00169,S991,23.445208490598,1
C3N-00175,S991,23.0082120156554,1
C3N-00180,S991,22.6487052387635,1
C3N-00199,S991,22.6105688348139,1
C3N-00203,S991,22.6762887392911,1
C3N-00217,S991,22.7419618536859,1
C3N-00223,S991,21.9539609134859,1
C3N-00293,S991,22.1683384354143,1
C3N-00294,S991,22.4833872739219,1
C3N-00433,S991,21.5578284538258,1
C3N-00546,S991,23.3879195675553,1
C3N-00547,S991,22.3094786974654,1
C3N-00549,S991,22.2707665709959,1
C3N-00550,S991,22.4216739152259,1
C3N-00551,S991,22.3011292856393,1
C3N-00552,S991,23.0289483801689,1
C3N-00556,S991,22.539240434307,1
C3N-00559,S991,22.3546582035917,1
C3N-00560,S991,22.140174021099,1
C3N-00572,S991,22.5453018541855,1
C3N-00574,S991,23.7633993060644,1
C3N-00578,S991,23.3574439624746,1
C3N-00579,S991,22.6136048407851,1
C3N-00580,S991,22.2549997032906,1
C3N-00704,S991,22.4695016104903,1
C3N-00737,S991,22.3070555444281,1
C3N-00738,S991,22.7964248660349,1
C3N-00959,S991,22.8440645129337,1
C3N-01016,S991,22.1954550509578,1
C3N-01021,S991,21.6537213142166,1
C3N-01023,S991,22.214684540835,1
C3N-01024,S991,22.0347954345365,1
C3N-01030,S991,22.6077910186176,1
C3N-01071,S991,21.9210258713989,1
C3N-01072,S991,21.727868942115,1
C3N-01074,S991,22.4341658850882,1
C3N-01405,S991,22.8492329944013,1
C3N-01410,S991,22.6872858070278,1
C3N-01413,S991,22.5313664740118,1
C3N-01414,S991,22.6239899788881,1
C3N-01415,S991,22.7477754461342,1
C3N-01416,S991,22.8412268974022,1
C3N-01488,S991,22.4053821274986,1
C3N-01489,S991,22.3810323740133,1
C3N-01799,S991,22.1884296640076,1
C3N-01823,S991,22.4880398158067,1
C3N-01842,S991,22.5697028966191,1
C3N-02000,S991,22.3402560214614,1
C3N-02002,S991,22.302986045421,1
C3N-02003,S991,22.8325367464205,1
C3N-02067,S991,22.4288649515799,1
C3N-02087,S991,22.2966306728677,1
C3N-02089,S991,22.6121596999651,1
C3N-02145,S991,23.1108149701457,1
C3N-02149,S991,22.3123381672318,1
C3N-02155,S991,24.0280461066818,1
C3N-02158,S991,22.3764968603727,1
C3N-02379,S991,22.7231049313828,1
C3N-02380,S991,21.8413189704133,1
C3N-02421,S991,23.3913460214515,1
C3N-02422,S991,22.0380299990876,1
C3N-02423,S991,23.0245719365373,1
C3N-02424,S991,22.2743514606322,1
C3N-02433,S991,21.8194386418068,1
C3N-02529,S991,22.3420252057818,1
C3N-02572,S991,23.4600498127617,1
C3N-02582,S991,22.5699783515767,1
C3N-02586,S991,22.8791876230807,1
C3N-02587,S991,22.8767503109937,1
C3N-02588,S991,22.5506062383305,1
C3N-02729,S991,22.2791881611426,1
C3L-00001,S1064,26.7168829898573,1
C3L-00009,S1064,22.5589166450039,1
C3L-00080,S1064,21.6323609395777,1
C3L-00093,S1064,20.9861287337543,1
C3L-00094,S1064,20.8053500450305,1
C3L-00095,S1064,21.288382720422,1
C3L-00140,S1064,21.3703347513937,1
C3L-00144,S1064,21.8287425366187,1
C3L-00263,S1064,21.785549603862,1
C3L-00279,S1064,22.9438735428439,1
C3L-00368,S1064,23.0449730956035,1
C3L-00412,S1064,21.576863404779,1
C3L-00510,S1064,22.4027231898171,1
C3L-00604,S1064,22.1823486800684,1
C3L-00893,S1064,21.7773965070339,1
C3L-00913,S1064,21.5453026061177,1
C3L-00973,S1064,21.9601381548541,1
C3L-01330,S1064,21.8605768912366,1
C3L-01632,S1064,20.9030517298294,1
C3L-01682,S1064,22.3383271622331,1
C3L-01683,S1064,21.0601182964242,1
C3L-01862,S1064,21.197399820493,1
C3L-01889,S1064,21.2647634156725,1
C3L-01890,S1064,20.706925828959,1
C3L-01924,S1064,22.4894168893558,1
C3L-02219,S1064,24.3060792674216,1
C3L-02345,S1064,20.4582538690064,1
C3L-02348,S1064,22.7558615718366,1
C3L-02350,S1064,21.0577121694684,1
C3L-02365,S1064,22.5707925449222,1
C3L-02508,S1064,21.0398304735254,1
C3L-02549,S1064,21.9902992236162,1
C3N-00167,S1064,23.7679294391852,1
C3N-00175,S1064,23.7919684189538,1
C3N-00180,S1064,22.4688733411148,1
C3N-00199,S1064,23.8945376781356,1
C3N-00203,S1064,22.3301779278066,1
C3N-00217,S1064,21.3217224040783,1
C3N-00223,S1064,21.9017633381509,1
C3N-00293,S1064,21.1827170588177,1
C3N-00294,S1064,24.155150893768,1
C3N-00433,S1064,22.2088527131159,1
C3N-00546,S1064,24.0042380886659,1
C3N-00547,S1064,20.8108106301822,1
C3N-00549,S1064,21.1264088443297,1
C3N-00550,S1064,22.3409468498909,1
C3N-00552,S1064,22.9018298017396,1
C3N-00556,S1064,23.7209728867538,1
C3N-00559,S1064,24.4992432688626,1
C3N-00560,S1064,19.9719891167284,1
C3N-00572,S1064,22.7873208564811,1
C3N-00574,S1064,24.0577796237564,1
C3N-00578,S1064,23.5456839910915,1
C3N-00579,S1064,22.9400556091836,1
C3N-00580,S1064,22.241164583279,1
C3N-00704,S1064,23.1492959419365,1
C3N-00737,S1064,21.1185292271337,1
C3N-00738,S1064,21.1748862466583,1
C3N-00959,S1064,21.2296545346348,1
C3N-01016,S1064,20.3101449198725,1
C3N-01021,S1064,23.3540483774326,1
C3N-01023,S1064,19.5245785333342,1
C3N-01024,S1064,21.4506937935553,1
C3N-01030,S1064,21.6248682463866,1
C3N-01071,S1064,20.4586785888725,1
C3N-01072,S1064,21.1159068729453,1
C3N-01074,S1064,22.4713507717517,1
C3N-01405,S1064,20.7221423381361,1
C3N-01410,S1064,20.7607093420606,1
C3N-01413,S1064,22.3822103373977,1
C3N-01414,S1064,20.6809922599972,1
C3N-01415,S1064,24.5462823745954,1
C3N-01416,S1064,22.8471155249648,1
C3N-01488,S1064,21.4127236483869,1
C3N-01489,S1064,22.7124310776761,1
C3N-01799,S1064,21.4492443174849,1
C3N-01823,S1064,22.331806543272,1
C3N-02000,S1064,24.2051740669292,1
C3N-02002,S1064,21.4654385322502,1
C3N-02003,S1064,22.136195552058,1
C3N-02067,S1064,24.2091774710864,1
C3N-02087,S1064,22.9649057943481,1
C3N-02089,S1064,19.6526705386813,1
C3N-02145,S1064,23.4204414618803,1
C3N-02149,S1064,20.6691892678011,1
C3N-02155,S1064,25.4758444390569,1
C3N-02158,S1064,22.2190147314028,1
C3N-02379,S1064,24.4823896989791,1
C3N-02380,S1064,23.0448046371495,1
C3N-02421,S1064,24.406719085935,1
C3N-02422,S1064,22.5999341400642,1
C3N-02423,S1064,23.4473789529363,1
C3N-02424,S1064,22.6779849471405,1
C3N-02433,S1064,22.3702947386984,1
C3N-02529,S1064,24.1587050050791,1
C3N-02572,S1064,23.5948436415662,1
C3N-02582,S1064,24.8460528977676,1
C3N-02586,S1064,23.8066824600528,1
C3N-02587,S1064,23.0615418742166,1
C3N-02588,S1064,22.9466372563892,1
C3N-02729,S1064,23.8094200383377,1
C3L-00001,T693,25.9753804745753,1
C3L-00009,T693,24.0018257468906,1
C3L-00080,T693,23.1853271598181,1
C3L-00083,T693,22.9156557942792,1
C3L-00093,T693,23.3730103754911,1
C3L-00094,T693,23.7590218211159,1
C3L-00095,T693,23.9704387443254,1
C3L-00140,T693,23.8717831542285,1
C3L-00144,T693,23.9584068287434,1
C3L-00263,T693,23.9484674404201,1
C3L-00368,T693,24.9447250052097,1
C3L-00412,T693,23.731519921966,1
C3L-00422,T693,24.439647006062,1
C3L-00510,T693,23.6713749714808,1
C3L-00604,T693,24.399279190877,1
C3L-00893,T693,24.431461401378,1
C3L-00913,T693,23.5792273029462,1
C3L-00973,T693,23.5288461743768,1
C3L-01330,T693,22.9640013916162,1
C3L-01632,T693,23.9505670069477,1
C3L-01682,T693,24.3644154854953,1
C3L-01683,T693,23.7018077890456,1
C3L-01862,T693,24.1209742610342,1
C3L-01889,T693,24.1430145264818,1
C3L-01890,T693,23.7943767558212,1
C3L-01924,T693,23.6420563972077,1
C3L-02219,T693,26.4502449208494,1
C3L-02345,T693,23.4862700377184,1
C3L-02348,T693,23.9188288847936,1
C3L-02350,T693,22.9069921154985,1
C3L-02365,T693,23.9283585689435,1
C3L-02508,T693,23.749937851646,1
C3L-02549,T693,24.5492943922258,1
C3N-00167,T693,24.6511717179396,1
C3N-00169,T693,24.9086715719977,1
C3N-00175,T693,24.4405359213178,1
C3N-00180,T693,24.5569761289867,1
C3N-00199,T693,25.0837693524469,1
C3N-00203,T693,23.4541480288899,1
C3N-00217,T693,23.6033441875382,1
C3N-00223,T693,24.1513824278709,1
C3N-00293,T693,24.1227040063013,1
C3N-00294,T693,25.4130327547097,1
C3N-00433,T693,24.104115149851,1
C3N-00546,T693,25.919395086077,1
C3N-00547,T693,24.0973263228485,1
C3N-00549,T693,22.6305414174899,1
C3N-00550,T693,24.2516858699258,1
C3N-00551,T693,23.4973857724802,1
C3N-00552,T693,24.4804091572834,1
C3N-00556,T693,24.6648580696209,1
C3N-00559,T693,24.8981412957555,1
C3N-00560,T693,22.9995998884168,1
C3N-00572,T693,24.5785425118232,1
C3N-00574,T693,25.7888378107747,1
C3N-00578,T693,24.53140139382,1
C3N-00579,T693,24.6856763628873,1
C3N-00580,T693,23.6719590137933,1
C3N-00704,T693,25.812993954244,1
C3N-00737,T693,23.9815782911191,1
C3N-00738,T693,23.7221997538245,1
C3N-00959,T693,24.0555758038973,1
C3N-01016,T693,23.1314955097154,1
C3N-01021,T693,24.1419660234133,1
C3N-01023,T693,23.4142939548894,1
C3N-01024,T693,23.4644070686848,1
C3N-01030,T693,24.2439320645886,1
C3N-01071,T693,24.2561563727551,1
C3N-01072,T693,24.0491464943597,1
C3N-01074,T693,24.3439525789139,1
C3N-01405,T693,25.0117677415699,1
C3N-01410,T693,24.1493180165505,1
C3N-01413,T693,23.8751526470316,1
C3N-01414,T693,24.3536675016164,1
C3N-01415,T693,25.0636369390818,1
C3N-01488,T693,23.9019103896561,1
C3N-01489,T693,24.0741188808353,1
C3N-01799,T693,23.7888807356136,1
C3N-01823,T693,23.4570276492097,1
C3N-01842,T693,23.6812477461745,1
C3N-02000,T693,24.7555709679828,1
C3N-02002,T693,24.8428569774288,1
C3N-02003,T693,23.9942225898687,1
C3N-02067,T693,24.9645208664339,1
C3N-02087,T693,24.6276899464327,1
C3N-02089,T693,22.6680119586025,1
C3N-02145,T693,24.8742139783581,1
C3N-02155,T693,25.9865056105123,1
C3N-02158,T693,23.9579136880273,1
C3N-02380,T693,24.2470870693154,1
C3N-02421,T693,25.277127281789,1
C3N-02422,T693,25.0136373932637,1
C3N-02423,T693,25.2899590509615,1
C3N-02433,T693,23.9878697287173,1
C3N-02529,T693,25.1929629394714,1
C3N-02572,T693,24.7961391549226,1
C3N-02582,T693,26.2528474081117,1
C3N-02586,T693,26.0887115857724,1
C3N-02587,T693,23.7729215817693,1
C3N-02588,T693,24.7300783196909,1
C3N-02729,T693,24.5340561367575,1
C3L-00001,S1039,25.5761420903897,1
C3L-00009,S1039,22.6882376497,1
C3L-00080,S1039,23.004742120067,1
C3L-00083,S1039,22.8928872347039,1
C3L-00093,S1039,22.6759984845919,1
C3L-00095,S1039,22.22530645474,1
C3L-00140,S1039,22.8276228844559,1
C3L-00263,S1039,22.8141759801293,1
C3L-00368,S1039,23.2656923623559,1
C3L-00412,S1039,22.6954676080883,1
C3L-00422,S1039,23.1649473181055,1
C3L-00510,S1039,23.234995147775,1
C3L-00604,S1039,22.6282099198248,1
C3L-00893,S1039,23.1050489724937,1
C3L-00913,S1039,22.8145516556056,1
C3L-01330,S1039,22.4237654052756,1
C3L-01632,S1039,22.5547860709185,1
C3L-01682,S1039,22.3524461631163,1
C3L-01683,S1039,23.1321010365178,1
C3L-01862,S1039,22.1147605406085,1
C3L-01889,S1039,22.3196665217717,1
C3L-01890,S1039,22.3815544435189,1
C3L-01924,S1039,22.0880275252914,1
C3L-02219,S1039,24.5280517868534,1
C3L-02345,S1039,22.4843503825832,1
C3L-02350,S1039,22.4948486006388,1
C3L-02365,S1039,22.7763259488919,1
C3L-02549,S1039,23.0030341423216,1
C3N-00167,S1039,23.1652880237278,1
C3N-00169,S1039,22.7182698502168,1
C3N-00175,S1039,22.8225839837052,1
C3N-00180,S1039,22.516141192878,1
C3N-00199,S1039,23.1061230054386,1
C3N-00203,S1039,22.57537024717,1
C3N-00217,S1039,21.6942674234768,1
C3N-00293,S1039,22.0447063952902,1
C3N-00294,S1039,24.5125262862285,1
C3N-00433,S1039,22.6741573026894,1
C3N-00546,S1039,22.8608483482702,1
C3N-00547,S1039,22.7250653847646,1
C3N-00549,S1039,21.5235212351345,1
C3N-00550,S1039,23.2464029539598,1
C3N-00551,S1039,22.9665292550655,1
C3N-00552,S1039,22.7403635791344,1
C3N-00556,S1039,23.4827344082044,1
C3N-00559,S1039,23.7264075433124,1
C3N-00572,S1039,22.6084944713391,1
C3N-00574,S1039,23.9830438615108,1
C3N-00578,S1039,22.1512330549289,1
C3N-00579,S1039,22.5837506196937,1
C3N-00580,S1039,21.9105077944508,1
C3N-00704,S1039,24.0007489451942,1
C3N-00737,S1039,22.2822601587579,1
C3N-00738,S1039,21.9197712218888,1
C3N-00959,S1039,22.0125730361815,1
C3N-01016,S1039,22.0105552058416,1
C3N-01021,S1039,23.2097989597392,1
C3N-01023,S1039,23.0828371465012,1
C3N-01024,S1039,22.8790539829233,1
C3N-01030,S1039,22.5610533467401,1
C3N-01071,S1039,22.8504389168029,1
C3N-01074,S1039,23.282501374735,1
C3N-01405,S1039,23.0948807498092,1
C3N-01410,S1039,22.4590153001213,1
C3N-01413,S1039,22.7238215863775,1
C3N-01414,S1039,22.9045044250699,1
C3N-01415,S1039,22.919349156479,1
C3N-01488,S1039,22.3378223301798,1
C3N-01489,S1039,22.5453723011296,1
C3N-01799,S1039,23.8458735600389,1
C3N-01823,S1039,22.8794355114178,1
C3N-01842,S1039,22.6281187817575,1
C3N-02000,S1039,23.466716860457,1
C3N-02002,S1039,23.1028901436429,1
C3N-02003,S1039,22.8772563208708,1
C3N-02067,S1039,22.1746899041585,1
C3N-02087,S1039,22.7421556777188,1
C3N-02089,S1039,21.2240415482156,1
C3N-02145,S1039,22.4926841885414,1
C3N-02155,S1039,22.6582368968011,1
C3N-02158,S1039,23.0416340763694,1
C3N-02421,S1039,24.5537468273379,1
C3N-02422,S1039,22.0827019643816,1
C3N-02423,S1039,23.3139130989478,1
C3N-02433,S1039,22.8457312445913,1
C3N-02529,S1039,22.8415787157272,1
C3N-02572,S1039,22.989369493674,1
C3N-02582,S1039,24.0845197943108,1
C3N-02586,S1039,23.6002683806353,1
C3N-02587,S1039,22.9396537139248,1
C3N-02588,S1039,22.2641923427718,1
C3N-02729,S1039,22.3771950442431,1
C3L-00001,Y1197,24.88015906724,1
C3L-00009,Y1197,20.3898504016114,1
C3L-00080,Y1197,19.7185857053682,1
C3L-00083,Y1197,20.152819373663,1
C3L-00093,Y1197,20.6776982818201,1
C3L-00094,Y1197,19.6972004674658,1
C3L-00095,Y1197,19.8740814588373,1
C3L-00140,Y1197,21.0961491086359,1
C3L-00144,Y1197,20.3397593911399,1
C3L-00263,Y1197,20.3739737773021,1
C3L-00279,Y1197,20.6679575837419,1
C3L-00368,Y1197,22.680556603013,1
C3L-00412,Y1197,20.2887548203187,1
C3L-00422,Y1197,21.3716268826099,1
C3L-00510,Y1197,21.2338925377438,1
C3L-00604,Y1197,20.3045772672618,1
C3L-00893,Y1197,22.1740464780755,1
C3L-00913,Y1197,20.4737052946319,1
C3L-01330,Y1197,19.3137980339978,1
C3L-01682,Y1197,20.3671432394638,1
C3L-01862,Y1197,19.8951801201694,1
C3L-01889,Y1197,21.1327023637958,1
C3L-01890,Y1197,20.3130250714419,1
C3L-02219,Y1197,23.7708827040033,1
C3L-02345,Y1197,19.820067857308,1
C3L-02350,Y1197,20.4473066413894,1
C3L-02365,Y1197,19.9785803489168,1
C3L-02549,Y1197,20.4202329922466,1
C3N-00167,Y1197,21.5209055230703,1
C3N-00169,Y1197,20.8812337566674,1
C3N-00175,Y1197,19.9424535189398,1
C3N-00180,Y1197,20.2059604122975,1
C3N-00199,Y1197,21.1451545267145,1
C3N-00203,Y1197,22.0036765237067,1
C3N-00223,Y1197,21.1199452714979,1
C3N-00294,Y1197,20.9340378071913,1
C3N-00546,Y1197,21.6074721846429,1
C3N-00547,Y1197,20.0047179186011,1
C3N-00549,Y1197,19.7463770587805,1
C3N-00550,Y1197,19.662790468434,1
C3N-00551,Y1197,20.2614724634855,1
C3N-00552,Y1197,20.8220409020922,1
C3N-00556,Y1197,20.0029148679356,1
C3N-00559,Y1197,23.3431572009979,1
C3N-00572,Y1197,20.9481394474083,1
C3N-00574,Y1197,23.1948382694604,1
C3N-00578,Y1197,20.8084339516507,1
C3N-00579,Y1197,20.4922066443371,1
C3N-00580,Y1197,20.3467947505886,1
C3N-00704,Y1197,21.3310135516791,1
C3N-00738,Y1197,20.7518749255105,1
C3N-00959,Y1197,20.532721791667,1
C3N-01016,Y1197,19.6782630159067,1
C3N-01021,Y1197,20.4611339192745,1
C3N-01023,Y1197,19.8849011077063,1
C3N-01024,Y1197,19.888716986427,1
C3N-01030,Y1197,20.7057571188199,1
C3N-01071,Y1197,19.2026955609295,1
C3N-01072,Y1197,19.9214385580489,1
C3N-01074,Y1197,19.507851216327,1
C3N-01410,Y1197,19.8423001248362,1
C3N-01413,Y1197,21.5859010040177,1
C3N-01414,Y1197,19.5386860652276,1
C3N-01415,Y1197,22.180519991183,1
C3N-01416,Y1197,20.7955585255396,1
C3N-01488,Y1197,20.4687904726846,1
C3N-01799,Y1197,21.0136345095613,1
C3N-01823,Y1197,19.8066949800244,1
C3N-01842,Y1197,20.503488404703,1
C3N-02003,Y1197,19.8428200965025,1
C3N-02067,Y1197,21.9912819853305,1
C3N-02087,Y1197,21.2153646136103,1
C3N-02089,Y1197,19.5009116822456,1
C3N-02145,Y1197,20.5838769478598,1
C3N-02149,Y1197,20.1290968739822,1
C3N-02158,Y1197,19.9259560585265,1
C3N-02379,Y1197,23.5279123516939,1
C3N-02380,Y1197,21.0016429127042,1
C3N-02421,Y1197,21.6698323930507,1
C3N-02422,Y1197,20.5276112146573,1
C3N-02423,Y1197,21.6519700535497,1
C3N-02424,Y1197,21.7985260865353,1
C3N-02433,Y1197,20.658501469981,1
C3N-02529,Y1197,22.9648812468607,1
C3N-02572,Y1197,20.6474008455783,1
C3N-02582,Y1197,22.6356527437346,1
C3N-02586,Y1197,22.1446698668643,1
C3N-02587,Y1197,20.9127581398636,1
C3N-02588,Y1197,20.9705179148336,1
C3N-02729,Y1197,22.0047969838707,1
C3L-00009,S1071,18.3336273187772,1
C3L-00093,S1071,18.4678710930064,1
C3L-00412,S1071,19.8466030844832,1
C3L-00510,S1071,18.740362676736,1
C3L-00604,S1071,19.8235775769408,1
C3L-00893,S1071,19.4021840782576,1
C3L-00913,S1071,18.4722329512551,1
C3L-01330,S1071,18.0938704600591,1
C3L-01862,S1071,19.8607603477905,1
C3L-01889,S1071,19.6941139879857,1
C3L-01890,S1071,19.4216394433351,1
C3L-02219,S1071,21.9193107782665,1
C3L-02345,S1071,18.2963563429768,1
C3L-02350,S1071,17.8474921220143,1
C3L-02365,S1071,19.7196804762487,1
C3L-02549,S1071,19.6688504202525,1
C3N-00175,S1071,20.9533705329091,1
C3N-00180,S1071,20.0440552550256,1
C3N-00199,S1071,21.622320013297,1
C3N-00203,S1071,18.8529758549871,1
C3N-00546,S1071,20.9950785318476,1
C3N-00549,S1071,18.8355360901555,1
C3N-00552,S1071,20.1929736382336,1
C3N-00572,S1071,20.5755886325199,1
C3N-00574,S1071,21.4450404639001,1
C3N-00579,S1071,20.7878119463927,1
C3N-00738,S1071,18.6173087283675,1
C3N-00959,S1071,19.3939017753704,1
C3N-01021,S1071,19.9188173468624,1
C3N-01030,S1071,19.6877291813806,1
C3N-01413,S1071,19.062832701024,1
C3N-01414,S1071,18.845144197899,1
C3N-01415,S1071,21.0893074866452,1
C3N-01488,S1071,19.4671335696985,1
C3N-01799,S1071,19.0534353927299,1
C3N-01823,S1071,19.1494823632544,1
C3N-02003,S1071,19.6252381990351,1
C3N-02087,S1071,19.0031975582261,1
C3N-02145,S1071,20.2019814580648,1
C3N-02423,S1071,20.4819952797428,1
C3N-02433,S1071,20.2270406523331,1
C3N-02582,S1071,22.9099586193322,1
C3N-02586,S1071,21.1261253976468,1
C3N-02587,S1071,20.2816272922065,1
C3N-02588,S1071,19.365225743434,1
C3L-00001,S1042,21.2465174431206,1
C3L-00009,S1042,18.0061349985087,1
C3L-00093,S1042,17.8778436815786,1
C3L-00095,S1042,18.8349686378697,1
C3L-00140,S1042,19.1819843367989,1
C3L-00279,S1042,19.357880643078,1
C3L-00368,S1042,18.6268770036672,1
C3L-00412,S1042,18.6707987748997,1
C3L-00510,S1042,18.9706035261997,1
C3L-00913,S1042,18.5110022697219,1
C3L-01330,S1042,19.6985330797364,1
C3L-01862,S1042,18.9341675029601,1
C3L-02219,S1042,20.2678077296928,1
C3L-02345,S1042,18.4430391513234,1
C3N-00167,S1042,19.3383546733428,1
C3N-00180,S1042,19.002194546157,1
C3N-00203,S1042,18.492707640738,1
C3N-00294,S1042,19.6990867549151,1
C3N-00546,S1042,18.8438272583963,1
C3N-00549,S1042,18.5593218937534,1
C3N-00550,S1042,18.9493924561191,1
C3N-00556,S1042,19.2775629082973,1
C3N-00559,S1042,19.0430001057254,1
C3N-00574,S1042,20.2311620187553,1
C3N-00704,S1042,18.9243226323299,1
C3N-01021,S1042,18.8091767047313,1
C3N-01071,S1042,18.662623344321,1
C3N-01074,S1042,18.7900168523639,1
C3N-01414,S1042,18.4509570762463,1
C3N-01415,S1042,19.3141066486612,1
C3N-01416,S1042,19.1488194825806,1
C3N-02067,S1042,18.9740290450641,1
C3N-02087,S1042,18.5594271354215,1
C3N-02145,S1042,18.6882687813201,1
C3N-02149,S1042,18.9578162197747,1
C3N-02158,S1042,18.9564972211696,1
C3N-02379,S1042,19.6522234108075,1
C3N-02421,S1042,18.8141854889075,1
C3N-02422,S1042,18.8390981362535,1
C3N-02424,S1042,19.128927504792,1
C3N-02433,S1042,18.6789022318059,1
C3N-02529,S1042,19.1219102155907,1
C3N-02572,S1042,18.9807797071614,1
C3N-02586,S1042,19.2479447235042,1
C3L-00001,S1166,26.6542666764578,1
C3L-00009,S1166,22.0353773330013,1
C3L-00094,S1166,21.3941778583054,1
C3L-00144,S1166,21.3513348733336,1
C3L-00263,S1166,21.7891190621778,1
C3L-00412,S1166,21.9488352406635,1
C3L-00604,S1166,22.461678020582,1
C3L-01683,S1166,21.5878725253399,1
C3L-01862,S1166,21.5822894833819,1
C3L-01924,S1166,22.6859109101201,1
C3L-02219,S1166,24.5379238556884,1
C3L-02365,S1166,22.8744322142079,1
C3L-02549,S1166,21.4355547978995,1
C3N-00167,S1166,23.0489767976614,1
C3N-00175,S1166,21.8393396011406,1
C3N-00180,S1166,21.6925349025873,1
C3N-00199,S1166,22.4493243163881,1
C3N-00223,S1166,22.3394343510396,1
C3N-00293,S1166,22.700370527765,1
C3N-00294,S1166,23.4589784576839,1
C3N-00433,S1166,21.2627480339555,1
C3N-00546,S1166,22.511022035491,1
C3N-00549,S1166,21.1973258539996,1
C3N-00550,S1166,22.9542567659806,1
C3N-00556,S1166,23.3522654527408,1
C3N-00578,S1166,22.5579313958125,1
C3N-00579,S1166,22.9002459620579,1
C3N-00704,S1166,22.9433342699268,1
C3N-01071,S1166,21.2410629703503,1
C3N-01072,S1166,21.6249070254717,1
C3N-01074,S1166,22.401912090976,1
C3N-01410,S1166,19.8905684097758,1
C3N-01414,S1166,21.3769068010499,1
C3N-01415,S1166,24.0980152206736,1
C3N-01823,S1166,22.0572171574996,1
C3N-02087,S1166,21.4100693352649,1
C3N-02145,S1166,21.5958754352305,1
C3N-02158,S1166,22.8519790084834,1
C3N-02380,S1166,23.1652901443894,1
C3N-02421,S1166,23.5406985734123,1
C3N-02433,S1166,22.5742207856483,1
C3N-02582,S1166,23.4555412729306,1
C3N-02586,S1166,23.2086123684132,1
C3N-02729,S1166,24.3595218895963,1
C3L-00001,Y1172,21.9244761227765,1
C3L-00009,Y1172,18.5908841694119,1
C3L-00080,Y1172,17.556574774345,1
C3L-00140,Y1172,18.9361725316109,1
C3L-00263,Y1172,18.8743996982343,1
C3L-00279,Y1172,18.9143960633021,1
C3L-00368,Y1172,20.4697886721924,1
C3L-00604,Y1172,18.0477512852206,1
C3L-01632,Y1172,18.9674707067195,1
C3N-00167,Y1172,19.2989694032304,1
C3N-00199,Y1172,20.2192409975538,1
C3N-00217,Y1172,19.3503791103925,1
C3N-00294,Y1172,20.1290208219156,1
C3N-00546,Y1172,19.3275039252123,1
C3N-00547,Y1172,18.0363267739286,1
C3N-00550,Y1172,18.1687589681828,1
C3N-00556,Y1172,19.1346232712057,1
C3N-00578,Y1172,19.6621048051334,1
C3N-00579,Y1172,19.1177568358124,1
C3N-00704,Y1172,20.3730920025708,1
C3N-00737,Y1172,18.2977539907789,1
C3N-01023,Y1172,17.6786449420201,1
C3N-01024,Y1172,18.1281593651455,1
C3N-01071,Y1172,17.276410057835,1
C3N-01074,Y1172,18.4378756012437,1
C3N-01405,Y1172,18.9670355557265,1
C3N-01410,Y1172,18.0256341065003,1
C3N-01414,Y1172,18.3598660629335,1
C3N-01416,Y1172,18.8023682702779,1
C3N-01489,Y1172,18.823375096458,1
C3N-02000,Y1172,19.9862464950008,1
C3N-02002,Y1172,20.0056225721796,1
C3N-02067,Y1172,20.1980677254268,1
C3N-02087,Y1172,18.8854712684865,1
C3N-02149,Y1172,16.9484604318587,1
C3N-02155,Y1172,21.2097805921879,1
C3N-02158,Y1172,17.8500341620398,1
C3N-02379,Y1172,21.5232646834421,1
C3N-02421,Y1172,20.6673635750963,1
C3N-02422,Y1172,18.1896715319823,1
C3N-02424,Y1172,18.9802177199056,1
C3N-02529,Y1172,21.1139236456376,1
C3N-02582,Y1172,20.532433936782,1
C3N-02729,Y1172,20.6944996286441,1
C3L-00083,S1026,17.9764361705204,1
C3L-00140,S1026,17.0429566951577,1
C3L-00279,S1026,17.0211373470683,1
C3L-00368,S1026,16.8166496499982,1
C3L-00422,S1026,17.8169914970903,1
C3L-01330,S1026,16.9260134007273,1
C3L-01632,S1026,17.6055431718438,1
C3L-01862,S1026,17.649962234141,1
C3L-01889,S1026,17.6379730712728,1
C3L-02219,S1026,17.8603136778574,1
C3L-02365,S1026,17.5007825506626,1
C3L-02549,S1026,17.3063910450031,1
C3N-00169,S1026,17.7190124061829,1
C3N-00175,S1026,17.5785371713695,1
C3N-00180,S1026,17.8957665449522,1
C3N-00203,S1026,17.410466986827,1
C3N-00217,S1026,17.7540498212837,1
C3N-00294,S1026,18.0908839756993,1
C3N-00551,S1026,17.438468128569,1
C3N-00552,S1026,17.4381410873166,1
C3N-00556,S1026,18.0624176935648,1
C3N-00574,S1026,18.7568245961546,1
C3N-00704,S1026,17.0531757908556,1
C3N-01021,S1026,17.6089895039465,1
C3N-01030,S1026,17.7124060308391,1
C3N-01416,S1026,17.1154558003646,1
C3N-01823,S1026,17.3987363479022,1
C3N-01842,S1026,17.4602227268809,1
C3N-02002,S1026,17.5871123108292,1
C3N-02067,S1026,16.9526100254052,1
C3N-02145,S1026,17.9133218347829,1
C3N-02149,S1026,17.2987477600945,1
C3N-02155,S1026,18.0535282267459,1
C3N-02158,S1026,18.3605161913843,1
C3N-02379,S1026,18.1434673834941,1
C3N-02421,S1026,18.3015269075261,1
C3N-02422,S1026,17.7166712447663,1
C3N-02424,S1026,17.3120494165969,1
C3N-02529,S1026,17.2459791006522,1
C3N-02586,S1026,17.7751945597552,1
C3N-02588,S1026,17.444156925171,1
C3L-00009,Y1092,17.3101421250165,1
C3L-00140,Y1092,17.7703716820501,1
C3L-00368,Y1092,19.2245803043162,1
C3L-00412,Y1092,17.4667517597836,1
C3L-00604,Y1092,16.9941922811266,1
C3L-01330,Y1092,16.9035254905506,1
C3L-02350,Y1092,17.4395519193686,1
C3L-02365,Y1092,17.4446886776944,1
C3L-02549,Y1092,17.738552351753,1
C3N-00175,Y1092,17.4790974901496,1
C3N-00199,Y1092,18.3208802926288,1
C3N-00203,Y1092,18.447413631434,1
C3N-00294,Y1092,18.6429779761161,1
C3N-00546,Y1092,18.8657915141345,1
C3N-00549,Y1092,16.6488766697559,1
C3N-00556,Y1092,17.7926385371675,1
C3N-00574,Y1092,20.1071088467564,1
C3N-00579,Y1092,16.5247322553918,1
C3N-00704,Y1092,18.551417973139,1
C3N-00738,Y1092,17.9129022472359,1
C3N-00959,Y1092,17.6047729274278,1
C3N-01021,Y1092,18.4791954831,1
C3N-01414,Y1092,16.4565034007452,1
C3N-01415,Y1092,19.100373633973,1
C3N-01823,Y1092,17.8499150856974,1
C3N-02003,Y1092,18.1899479723977,1
C3N-02067,Y1092,19.9716735301364,1
C3N-02087,Y1092,18.0390857827856,1
C3N-02158,Y1092,17.5157068979966,1
C3N-02421,Y1092,18.7428797303427,1
C3N-02422,Y1092,17.9769343169811,1
C3N-02433,Y1092,18.0534473964313,1
C3N-02529,Y1092,19.8082131774709,1
C3N-02582,Y1092,20.402230194983,1
C3L-00279,T993,15.8086450442301,1
C3L-01632,T993,15.9134126666941,1
C3L-01862,T993,16.1062380170863,1
C3L-01890,T993,16.0143024816159,1
C3L-02219,T993,16.6279625093023,1
C3N-00180,T993,16.5141217602484,1
C3N-00217,T993,15.642251778196,1
C3N-00572,T993,16.4720084376023,1
C3N-01416,T993,16.0699641612726,1
C3N-01799,T993,16.0135883819369,1
C3N-02002,T993,15.9520452915504,1
C3N-02145,T993,16.2860263748901,1
C3N-02149,T993,16.3486559789954,1
C3N-02155,T993,16.9598278041598,1
C3N-02379,T993,16.0921729768451,1
C3N-02423,T993,16.559719544238,1
C3N-02424,T993,15.967686517037,1
C3N-02586,T993,16.5470087724322,1
C3L-00093,S695,15.0422811164249,1
C3L-00510,S695,14.8652378486326,1
C3L-00604,S695,15.5081762942224,1
C3L-00913,S695,14.3179878640238,1
C3L-01632,S695,15.0754987646468,1
C3L-01682,S695,14.4990288948788,1
C3L-02345,S695,14.9373762390842,1
C3N-00199,S695,15.3005479321738,1
C3N-00217,S695,15.2471197906161,1
C3N-00579,S695,15.5568015981036,1
C3N-00580,S695,14.7848697140106,1
C3N-01016,S695,14.6916724910585,1
C3N-02002,S695,15.2093176267943,1
C3N-02089,S695,14.5427170456574,1
C3N-02155,S695,15.4283396660627,1
C3N-02582,S695,15.9049273978402,1
C3L-00093,T1041,17.3067192521686,1
C3L-00510,T1041,17.0291997303001,1
C3L-00604,T1041,17.774388363077,1
C3L-00913,T1041,16.8959147560999,1
C3L-01682,T1041,17.5808322960231,1
C3L-02345,T1041,17.0046973597157,1
C3L-02350,T1041,17.4527715802502,1
C3N-00199,T1041,18.7357396608133,1
C3N-00579,T1041,17.9932621533431,1
C3N-00580,T1041,17.1256049813194,1
C3N-00738,T1041,17.3921854835259,1
C3N-00959,T1041,17.9931658688484,1
C3N-01016,T1041,17.392355387687,1
C3N-02003,T1041,17.6628824808082,1
C3N-02089,T1041,17.0844000540493,1
C3N-02582,T1041,19.3033730119225,1
C3L-00140,S1045,16.0703036876576,1
C3L-00368,S1045,16.3145531682877,1
C3L-01330,S1045,15.5013452088644,1
C3L-01862,S1045,16.4821768572386,1
C3L-02219,S1045,16.3953441334472,1
C3N-00180,S1045,16.3639857673823,1
C3N-00203,S1045,16.0587468155773,1
C3N-00574,S1045,17.0233493737551,1
C3N-01021,S1045,16.337881416466,1
C3N-02067,S1045,16.2831733712669,1
C3N-02145,S1045,16.1659762869744,1
C3N-02422,S1045,16.3497304550816,1
C3N-02529,S1045,15.9641887882832,1
C3N-02586,S1045,16.2823339072841,1
C3L-00263,S1025,15.6381135072197,1
C3N-00578,S1025,15.4829547125827,1
C3N-00737,S1025,14.9776214631561,1
C3N-01405,S1025,15.5547214095469,1
C3N-01410,S1025,15.7362308236498,1
C3N-01489,S1025,15.37486595975,1
C3N-02000,S1025,15.1729634606814,1
C3N-02729,S1025,15.3046758185612,1
C3N-00294,Y1110,9.4812042681664,1
C3N-00556,Y1110,9.84385282273803,1
C3N-00704,Y1110,11.2775796671565,1
C3N-02158,Y1110,10.5118930227476,1
C3N-02421,Y1110,10.3984362771204,1
C3L-00604,S1081,12.3722158513501,1
C3N-00199,S1081,13.4996232454565,1
C3N-00579,S1081,12.6659722415725,1
C3N-02582,S1081,14.3201774472908,1
C3L-02365,T1085,12.4543820635982,1
C3L-02549,T1085,11.6003013568627,1
C3N-00175,T1085,12.2807546471266,1
C3N-01823,T1085,11.9365704745677,1
C3L-00973,Y1016,13.2160837733531,1
C3L-02348,Y1016,13.1047374590749,1
C3L-02508,Y1016,13.5418534275404,1
C3N-00560,Y1016,13.0345387008293,1
C3L-00604,Y1069,11.5915561395594,1
C3N-00199,Y1069,12.5424573311485,1
C3N-00579,Y1069,12.3406931941035,1
C3N-02582,Y1069,13.408001186734,1
C3L-00001.N,S991,22.469850818732,1
C3L-00009.N,S991,22.7859870925577,1
C3L-00080.N,S991,21.707245236291,1
C3L-00083.N,S991,21.9997217939395,1
C3L-00093.N,S991,22.6729399719973,1
C3L-00094.N,S991,22.307001119012,1
C3L-00095.N,S991,22.6999453719289,1
C3L-00140.N,S991,22.5672128455726,1
C3L-00144.N,S991,21.9834559678396,1
C3L-00263.N,S991,22.4509389758156,1
C3L-00279.N,S991,22.3697340361869,1
C3L-00368.N,S991,21.8124105954218,1
C3L-00412.N,S991,22.3090080761392,1
C3L-00422.N,S991,22.0714482161335,1
C3L-00510.N,S991,22.8560090121415,1
C3L-00604.N,S991,22.7176855044476,1
C3L-00893.N,S991,22.5427851049416,1
C3L-00913.N,S991,22.8933189608491,1
C3L-00973.N,S991,22.6921682651883,1
C3L-01330.N,S991,22.5951779672269,1
C3L-01632.N,S991,22.5315779920784,1
C3L-01682.N,S991,22.1123913722311,1
C3L-01683.N,S991,21.6154841260257,1
C3L-01889.N,S991,22.3186470137979,1
C3L-01890.N,S991,22.511098132669,1
C3L-01924.N,S991,21.9902525917309,1
C3L-02219.N,S991,22.2290259056851,1
C3L-02345.N,S991,22.5107541535447,1
C3L-02348.N,S991,22.2638701523179,1
C3L-02350.N,S991,22.4784338937547,1
C3L-02365.N,S991,23.0684364955918,1
C3L-02508.N,S991,22.7710604724475,1
C3L-02549.N,S991,22.8520220764269,1
C3N-00167.N,S991,22.0936148296905,1
C3N-00169.N,S991,21.9264813620584,1
C3N-00175.N,S991,23.33248769303,1
C3N-00180.N,S991,22.3973623793072,1
C3N-00199.N,S991,22.1736034643713,1
C3N-00203.N,S991,22.3959694910308,1
C3N-00217.N,S991,22.7979808463585,1
C3N-00223.N,S991,21.7978254597049,1
C3N-00293.N,S991,22.1498446551693,1
C3N-00433.N,S991,22.5768419310546,1
C3N-00546.N,S991,22.8624220968758,1
C3N-00547.N,S991,22.2197080537865,1
C3N-00549.N,S991,22.6997241211004,1
C3N-00550.N,S991,22.6197570767634,1
C3N-00551.N,S991,22.4218888644859,1
C3N-00552.N,S991,22.430470783249,1
C3N-00556.N,S991,22.8399511093727,1
C3N-00559.N,S991,22.2610980286271,1
C3N-00560.N,S991,22.4384350358637,1
C3N-00572.N,S991,22.3348156600936,1
C3N-00574.N,S991,23.0299545086926,1
C3N-00578.N,S991,22.6640123232774,1
C3N-00579.N,S991,21.9879640293433,1
C3N-00580.N,S991,22.3088199454335,1
C3N-00704.N,S991,22.8558305091019,1
C3N-00737.N,S991,22.2875324924502,1
C3N-00738.N,S991,22.8071653704854,1
C3N-00959.N,S991,22.8807377004991,1
C3N-01016.N,S991,21.9293893185846,1
C3N-01021.N,S991,22.7276089090695,1
C3N-01023.N,S991,22.1353117039001,1
C3N-01024.N,S991,21.9018174208035,1
C3N-01030.N,S991,22.3210815265241,1
C3N-01071.N,S991,23.1627647701433,1
C3N-01072.N,S991,22.8955024335242,1
C3N-01405.N,S991,22.2238180130351,1
C3N-01410.N,S991,22.5634865126026,1
C3N-01413.N,S991,22.9922434416343,1
C3N-01414.N,S991,22.5896328744839,1
C3N-01415.N,S991,22.8704164689498,1
C3N-01416.N,S991,22.7257168838705,1
C3N-01488.N,S991,22.4731780972791,1
C3N-01489.N,S991,22.1209826138856,1
C3N-01799.N,S991,22.2909278515973,1
C3N-01823.N,S991,22.522161688485,1
C3N-02000.N,S991,22.2027081681473,1
C3N-02002.N,S991,22.1800429503657,1
C3N-02003.N,S991,22.1782464727169,1
C3N-02067.N,S991,21.9208023762733,1
C3N-02087.N,S991,22.7554507336715,1
C3N-02089.N,S991,22.1553718187896,1
C3N-02145.N,S991,22.3432674729101,1
C3N-02149.N,S991,22.8524386769584,1
C3N-02155.N,S991,22.9281517428554,1
C3N-02158.N,S991,23.1137137691847,1
C3N-02379.N,S991,22.6320753261513,1
C3N-02380.N,S991,21.5000164635191,1
C3N-02421.N,S991,22.5068669931512,1
C3N-02423.N,S991,22.7153800291033,1
C3N-02424.N,S991,22.2151689623995,1
C3N-02433.N,S991,22.4901728110331,1
C3N-02529.N,S991,22.383965091817,1
C3N-02572.N,S991,22.5887211331292,1
C3N-02582.N,S991,21.8348676712713,1
C3N-02586.N,S991,22.2988019250354,1
C3N-02587.N,S991,22.0728560791067,1
C3N-02588.N,S991,22.1666015543299,1
C3N-02729.N,S991,22.4375896518949,1
C3L-00001.N,T693,24.555447059432,1
C3L-00009.N,T693,24.9599725211244,1
C3L-00080.N,T693,24.0629757461112,1
C3L-00083.N,T693,23.6878636067436,1
C3L-00093.N,T693,24.2982213576442,1
C3L-00094.N,T693,24.1212716836951,1
C3L-00095.N,T693,24.359895562631,1
C3L-00140.N,T693,25.1505803276303,1
C3L-00144.N,T693,24.2668820628326,1
C3L-00263.N,T693,24.1765758241231,1
C3L-00368.N,T693,23.7677437577355,1
C3L-00412.N,T693,23.9214896336994,1
C3L-00422.N,T693,23.5105895899645,1
C3L-00510.N,T693,24.6523525009415,1
C3L-00604.N,T693,25.1960462102337,1
C3L-00893.N,T693,24.860314489805,1
C3L-00913.N,T693,24.3394354342619,1
C3L-00973.N,T693,24.6280684836258,1
C3L-01330.N,T693,24.107686779746,1
C3L-01632.N,T693,24.7114879057392,1
C3L-01682.N,T693,24.524091649444,1
C3L-01683.N,T693,24.1712118735057,1
C3L-01889.N,T693,24.3789353946717,1
C3L-01890.N,T693,24.3877900988368,1
C3L-01924.N,T693,24.194923170398,1
C3L-02219.N,T693,24.6254059604921,1
C3L-02345.N,T693,24.5343431813694,1
C3L-02348.N,T693,24.0631920769789,1
C3L-02350.N,T693,23.047401644118,1
C3L-02365.N,T693,24.7907125310059,1
C3L-02508.N,T693,25.8323277009766,1
C3L-02549.N,T693,25.1979960519476,1
C3N-00167.N,T693,24.4200587306874,1
C3N-00169.N,T693,23.5446034334608,1
C3N-00175.N,T693,25.443364871592,1
C3N-00180.N,T693,24.6321099008296,1
C3N-00199.N,T693,24.6189921708173,1
C3N-00203.N,T693,24.3419011710126,1
C3N-00217.N,T693,24.8936297812332,1
C3N-00223.N,T693,24.3526348979111,1
C3N-00293.N,T693,24.8735392739583,1
C3N-00433.N,T693,24.4960714366255,1
C3N-00546.N,T693,24.8480678277903,1
C3N-00547.N,T693,23.3556403046485,1
C3N-00549.N,T693,24.3725381556852,1
C3N-00550.N,T693,24.4375057264571,1
C3N-00551.N,T693,24.3726913897065,1
C3N-00552.N,T693,24.4217079929056,1
C3N-00556.N,T693,24.7020865718347,1
C3N-00559.N,T693,24.359557045462,1
C3N-00560.N,T693,24.3304035222561,1
C3N-00572.N,T693,24.3353331813078,1
C3N-00574.N,T693,24.7103820711585,1
C3N-00578.N,T693,24.488134062621,1
C3N-00579.N,T693,24.2425200290381,1
C3N-00580.N,T693,23.8918496702473,1
C3N-00704.N,T693,25.4138876617432,1
C3N-00737.N,T693,24.2418755256214,1
C3N-00738.N,T693,24.2585890390273,1
C3N-00959.N,T693,24.4260310765209,1
C3N-01016.N,T693,23.9216097389295,1
C3N-01021.N,T693,23.8088797723412,1
C3N-01023.N,T693,23.9884392596498,1
C3N-01024.N,T693,24.4768816116304,1
C3N-01030.N,T693,24.6397453261397,1
C3N-01071.N,T693,24.4795717961217,1
C3N-01072.N,T693,24.4271932953471,1
C3N-01405.N,T693,23.7467598523062,1
C3N-01410.N,T693,24.7444806293418,1
C3N-01413.N,T693,24.6598045530176,1
C3N-01414.N,T693,24.9977014283383,1
C3N-01415.N,T693,24.4019132222037,1
C3N-01488.N,T693,25.3370596278326,1
C3N-01489.N,T693,24.2773662751167,1
C3N-01799.N,T693,24.1713946036769,1
C3N-01823.N,T693,25.3505155464162,1
C3N-02000.N,T693,24.4498590819282,1
C3N-02002.N,T693,25.1016474937412,1
C3N-02003.N,T693,23.9017282786704,1
C3N-02067.N,T693,23.9399992855011,1
C3N-02087.N,T693,24.6644593238725,1
C3N-02089.N,T693,23.9914991902724,1
C3N-02145.N,T693,24.2790169989601,1
C3N-02155.N,T693,25.0390971854177,1
C3N-02158.N,T693,24.8613996051897,1
C3N-02379.N,T693,24.5148470516897,1
C3N-02380.N,T693,23.6446005431425,1
C3N-02421.N,T693,24.321979776281,1
C3N-02423.N,T693,24.9280800845458,1
C3N-02433.N,T693,24.7317623861647,1
C3N-02529.N,T693,24.9368962177256,1
C3N-02572.N,T693,24.118738137975,1
C3N-02582.N,T693,24.2541476157314,1
C3N-02586.N,T693,24.6890266336616,1
C3N-02587.N,T693,25.0026463252579,1
C3N-02588.N,T693,24.3684807576656,1
C3N-02729.N,T693,24.1456288904399,1
C3L-00001.N,S1064,21.5861838067363,1
C3L-00009.N,S1064,20.8913283635808,1
C3L-00080.N,S1064,20.7741199429277,1
C3L-00093.N,S1064,20.4147254530595,1
C3L-00094.N,S1064,19.853544182347,1
C3L-00095.N,S1064,21.0438266126608,1
C3L-00140.N,S1064,20.5966152969987,1
C3L-00144.N,S1064,21.5002041171569,1
C3L-00263.N,S1064,19.8863627819872,1
C3L-00279.N,S1064,20.5178057705926,1
C3L-00368.N,S1064,21.094000350384,1
C3L-00412.N,S1064,21.8632877948444,1
C3L-00510.N,S1064,20.3957163624439,1
C3L-00604.N,S1064,20.5296774900881,1
C3L-00893.N,S1064,20.6710311725258,1
C3L-00973.N,S1064,19.9484913946133,1
C3L-01330.N,S1064,20.9228397392425,1
C3L-01632.N,S1064,20.4658557647614,1
C3L-01682.N,S1064,21.0626610664987,1
C3L-01683.N,S1064,21.3119041534081,1
C3L-01889.N,S1064,20.4885378363691,1
C3L-01890.N,S1064,22.3999898169621,1
C3L-01924.N,S1064,20.4501752935464,1
C3L-02219.N,S1064,20.1699078196715,1
C3L-02345.N,S1064,20.5530513873231,1
C3L-02348.N,S1064,20.9593173197758,1
C3L-02350.N,S1064,21.3123355194602,1
C3L-02365.N,S1064,22.1558906751466,1
C3L-02508.N,S1064,20.1864430781748,1
C3L-02549.N,S1064,21.2590728997216,1
C3N-00175.N,S1064,21.3800792158448,1
C3N-00180.N,S1064,21.2461000024945,1
C3N-00199.N,S1064,21.4601659387222,1
C3N-00203.N,S1064,21.2126548952191,1
C3N-00217.N,S1064,20.1205298685071,1
C3N-00223.N,S1064,20.3520340326892,1
C3N-00293.N,S1064,20.3409697025419,1
C3N-00433.N,S1064,20.4428269316484,1
C3N-00546.N,S1064,20.2980373960458,1
C3N-00547.N,S1064,20.0971380055734,1
C3N-00549.N,S1064,21.1345034474359,1
C3N-00550.N,S1064,20.5068880256516,1
C3N-00552.N,S1064,19.6458554081701,1
C3N-00556.N,S1064,21.3766318775069,1
C3N-00559.N,S1064,20.574640961269,1
C3N-00560.N,S1064,20.6125236637706,1
C3N-00572.N,S1064,22.1795922384237,1
C3N-00574.N,S1064,21.4692331931234,1
C3N-00578.N,S1064,21.0387358725015,1
C3N-00579.N,S1064,21.7256190624893,1
C3N-00580.N,S1064,20.8446268559735,1
C3N-00704.N,S1064,21.1241039015611,1
C3N-00737.N,S1064,21.2161212455406,1
C3N-00738.N,S1064,21.4604907942178,1
C3N-00959.N,S1064,20.1215026215331,1
C3N-01016.N,S1064,20.8717563446073,1
C3N-01021.N,S1064,21.1466020704125,1
C3N-01023.N,S1064,20.9910227998335,1
C3N-01024.N,S1064,20.1966705085397,1
C3N-01030.N,S1064,20.4592074363333,1
C3N-01071.N,S1064,20.9142532085431,1
C3N-01072.N,S1064,20.4115557009546,1
C3N-01405.N,S1064,22.7641738141624,1
C3N-01410.N,S1064,20.4323725142861,1
C3N-01413.N,S1064,21.1922496772326,1
C3N-01414.N,S1064,19.7103873510328,1
C3N-01415.N,S1064,20.6955952788835,1
C3N-01416.N,S1064,20.501474274541,1
C3N-01488.N,S1064,20.5710004050632,1
C3N-01489.N,S1064,21.4050646707923,1
C3N-01799.N,S1064,21.3671142115102,1
C3N-01823.N,S1064,21.3723117356682,1
C3N-02000.N,S1064,19.7190888343237,1
C3N-02002.N,S1064,19.8190822534828,1
C3N-02003.N,S1064,20.5544859174854,1
C3N-02067.N,S1064,21.2875392259707,1
C3N-02087.N,S1064,20.8993503136447,1
C3N-02089.N,S1064,21.5978239388774,1
C3N-02145.N,S1064,21.9211899350487,1
C3N-02149.N,S1064,20.8638324084579,1
C3N-02155.N,S1064,21.408107255376,1
C3N-02158.N,S1064,21.4565493633298,1
C3N-02379.N,S1064,20.1630017582817,1
C3N-02380.N,S1064,19.837891808637,1
C3N-02421.N,S1064,21.0431497059964,1
C3N-02423.N,S1064,20.9159110153232,1
C3N-02424.N,S1064,19.9040147287999,1
C3N-02433.N,S1064,20.9055208520877,1
C3N-02529.N,S1064,20.57187281676,1
C3N-02572.N,S1064,21.444499245421,1
C3N-02582.N,S1064,20.7208021519971,1
C3N-02586.N,S1064,21.0920966411303,1
C3N-02587.N,S1064,20.2199209112353,1
C3N-02588.N,S1064,20.6297514654797,1
C3N-02729.N,S1064,19.8357896548429,1
C3L-00001.N,S1039,23.1051526524605,1
C3L-00009.N,S1039,22.6537707624873,1
C3L-00080.N,S1039,23.2926757476532,1
C3L-00083.N,S1039,22.6450062753006,1
C3L-00093.N,S1039,21.8100703951038,1
C3L-00095.N,S1039,22.4528469354244,1
C3L-00140.N,S1039,22.2345681801063,1
C3L-00263.N,S1039,21.749877200181,1
C3L-00368.N,S1039,23.1373688645157,1
C3L-00412.N,S1039,22.5858469529148,1
C3L-00422.N,S1039,22.559691033027,1
C3L-00510.N,S1039,22.3232468726898,1
C3L-00604.N,S1039,22.6916855989072,1
C3L-00893.N,S1039,22.7118339279712,1
C3L-00913.N,S1039,21.9443984405917,1
C3L-01330.N,S1039,22.805700816344,1
C3L-01632.N,S1039,22.9607979679407,1
C3L-01682.N,S1039,22.1640026072582,1
C3L-01683.N,S1039,21.7447488267483,1
C3L-01889.N,S1039,22.9108839937888,1
C3L-01890.N,S1039,22.7698413994149,1
C3L-01924.N,S1039,22.5129504291169,1
C3L-02219.N,S1039,22.3404224057259,1
C3L-02345.N,S1039,23.2369671926738,1
C3L-02350.N,S1039,22.0508619474847,1
C3L-02365.N,S1039,23.061410053981,1
C3L-02549.N,S1039,22.853804873145,1
C3N-00167.N,S1039,23.1733447753604,1
C3N-00169.N,S1039,22.1580947330481,1
C3N-00175.N,S1039,22.9633615677908,1
C3N-00180.N,S1039,22.4962617082864,1
C3N-00199.N,S1039,22.5914705005109,1
C3N-00203.N,S1039,23.2167733246368,1
C3N-00217.N,S1039,22.2399812860183,1
C3N-00433.N,S1039,22.2156892421508,1
C3N-00546.N,S1039,22.8615137192071,1
C3N-00547.N,S1039,23.5417344792498,1
C3N-00549.N,S1039,22.1747713835718,1
C3N-00550.N,S1039,22.6926050816897,1
C3N-00551.N,S1039,22.8306857368562,1
C3N-00552.N,S1039,22.236916888178,1
C3N-00556.N,S1039,23.999146162023,1
C3N-00559.N,S1039,22.4820724833728,1
C3N-00572.N,S1039,22.7545897244482,1
C3N-00574.N,S1039,23.4274074508012,1
C3N-00578.N,S1039,22.3172973007275,1
C3N-00579.N,S1039,22.7696534242982,1
C3N-00580.N,S1039,22.4834358877707,1
C3N-00704.N,S1039,24.0215131527281,1
C3N-00737.N,S1039,23.2421325665214,1
C3N-00738.N,S1039,22.8352935917234,1
C3N-00959.N,S1039,23.1712343504263,1
C3N-01016.N,S1039,22.183279943816,1
C3N-01021.N,S1039,22.9156795249325,1
C3N-01023.N,S1039,23.2251794298593,1
C3N-01024.N,S1039,23.0722227407575,1
C3N-01030.N,S1039,22.4625387253899,1
C3N-01071.N,S1039,23.097953409112,1
C3N-01405.N,S1039,22.7970141070404,1
C3N-01410.N,S1039,22.6682353861385,1
C3N-01413.N,S1039,22.7977745047349,1
C3N-01414.N,S1039,23.2642589393193,1
C3N-01415.N,S1039,21.7522950423846,1
C3N-01488.N,S1039,22.9281135098228,1
C3N-01489.N,S1039,22.532451374388,1
C3N-01799.N,S1039,22.4974465015579,1
C3N-01823.N,S1039,23.1650039972461,1
C3N-02000.N,S1039,22.501231455846,1
C3N-02002.N,S1039,23.4729088937389,1
C3N-02003.N,S1039,22.7037167147172,1
C3N-02067.N,S1039,23.166951123805,1
C3N-02087.N,S1039,22.512009281734,1
C3N-02089.N,S1039,21.6122488647457,1
C3N-02145.N,S1039,22.0434808560488,1
C3N-02155.N,S1039,22.9454615625748,1
C3N-02158.N,S1039,24.1534763726244,1
C3N-02379.N,S1039,22.2259712088738,1
C3N-02380.N,S1039,22.6425474617305,1
C3N-02421.N,S1039,23.6082093754741,1
C3N-02423.N,S1039,23.040252006811,1
C3N-02529.N,S1039,23.5713448724935,1
C3N-02572.N,S1039,22.6706405946607,1
C3N-02582.N,S1039,22.2142447123319,1
C3N-02586.N,S1039,22.4686194921455,1
C3N-02587.N,S1039,23.0410723573441,1
C3N-02588.N,S1039,23.0117251622,1
C3N-02729.N,S1039,21.6382018506109,1
C3L-00001.N,Y1197,20.3284002381084,1
C3L-00009.N,Y1197,20.6423993681693,1
C3L-00080.N,Y1197,20.214406663394,1
C3L-00083.N,Y1197,20.3399908053282,1
C3L-00093.N,Y1197,20.3932584416869,1
C3L-00094.N,Y1197,20.815461951918,1
C3L-00095.N,Y1197,20.3945458640776,1
C3L-00140.N,Y1197,20.241266264327,1
C3L-00144.N,Y1197,20.5881626311044,1
C3L-00263.N,Y1197,20.1363804394416,1
C3L-00279.N,Y1197,20.5068971750841,1
C3L-00368.N,Y1197,20.7569287249583,1
C3L-00412.N,Y1197,20.7325676083488,1
C3L-00422.N,Y1197,20.0303893040308,1
C3L-00510.N,Y1197,20.2638675358941,1
C3L-00604.N,Y1197,20.6733422316358,1
C3L-00893.N,Y1197,20.9098343258522,1
C3L-00913.N,Y1197,20.607170563569,1
C3L-01330.N,Y1197,19.7032087283915,1
C3L-01682.N,Y1197,19.780004405198,1
C3L-01889.N,Y1197,20.5389665126054,1
C3L-01890.N,Y1197,20.566267041241,1
C3L-02219.N,Y1197,20.588976069778,1
C3L-02345.N,Y1197,20.0006498647693,1
C3L-02350.N,Y1197,20.205375981307,1
C3L-02365.N,Y1197,20.0572620912806,1
C3L-02549.N,Y1197,20.0455020363207,1
C3N-00169.N,Y1197,19.8553824624799,1
C3N-00175.N,Y1197,20.0105884271913,1
C3N-00180.N,Y1197,20.5482839617447,1
C3N-00199.N,Y1197,20.0892582052,1
C3N-00203.N,Y1197,21.370601731034,1
C3N-00223.N,Y1197,20.6793143851302,1
C3N-00546.N,Y1197,20.8713436106522,1
C3N-00547.N,Y1197,20.0425855202244,1
C3N-00549.N,Y1197,20.3917098943048,1
C3N-00550.N,Y1197,19.8825849958566,1
C3N-00551.N,Y1197,20.1818492267407,1
C3N-00552.N,Y1197,20.2600121148832,1
C3N-00556.N,Y1197,19.6877891869872,1
C3N-00559.N,Y1197,20.4274379460418,1
C3N-00572.N,Y1197,20.7104408060877,1
C3N-00574.N,Y1197,21.4243963586464,1
C3N-00578.N,Y1197,20.0311320454183,1
C3N-00579.N,Y1197,19.9661149763147,1
C3N-00580.N,Y1197,19.6628983231607,1
C3N-00704.N,Y1197,21.1336980072421,1
C3N-00738.N,Y1197,20.179046599068,1
C3N-00959.N,Y1197,20.4975946078965,1
C3N-01016.N,Y1197,20.1072292673941,1
C3N-01021.N,Y1197,19.7315451779549,1
C3N-01023.N,Y1197,19.9005935434122,1
C3N-01024.N,Y1197,20.2483777890784,1
C3N-01030.N,Y1197,20.7230793193245,1
C3N-01071.N,Y1197,19.8617759467418,1
C3N-01072.N,Y1197,19.9200373633162,1
C3N-01410.N,Y1197,19.9168786996264,1
C3N-01413.N,Y1197,20.3529554943699,1
C3N-01414.N,Y1197,20.0026493869418,1
C3N-01415.N,Y1197,20.4121705206316,1
C3N-01416.N,Y1197,20.3082560503685,1
C3N-01488.N,Y1197,20.5354055079198,1
C3N-01799.N,Y1197,20.6557394217703,1
C3N-01823.N,Y1197,20.5661030992874,1
C3N-02003.N,Y1197,19.9298309490807,1
C3N-02067.N,Y1197,20.3965399220405,1
C3N-02087.N,Y1197,20.4032302157251,1
C3N-02089.N,Y1197,19.4855728717532,1
C3N-02145.N,Y1197,20.0691254781637,1
C3N-02149.N,Y1197,20.1252033527294,1
C3N-02158.N,Y1197,20.2050198683685,1
C3N-02379.N,Y1197,20.3021042518122,1
C3N-02421.N,Y1197,20.2639782401083,1
C3N-02423.N,Y1197,20.2404445079105,1
C3N-02424.N,Y1197,20.7031286891569,1
C3N-02433.N,Y1197,20.7679737046969,1
C3N-02529.N,Y1197,20.5169968349629,1
C3N-02572.N,Y1197,20.3854909659471,1
C3N-02582.N,Y1197,20.1841054490856,1
C3N-02586.N,Y1197,20.8330916471615,1
C3N-02587.N,Y1197,21.1416306687993,1
C3N-02588.N,Y1197,20.4820402305004,1
C3N-02729.N,Y1197,20.5356234644384,1
C3L-00009.N,S1071,19.6266742538673,1
C3L-00093.N,S1071,20.3732792257179,1
C3L-00412.N,S1071,19.0946446487344,1
C3L-00510.N,S1071,20.0201916365924,1
C3L-00604.N,S1071,20.6338599789022,1
C3L-00893.N,S1071,19.9900514007592,1
C3L-00913.N,S1071,20.85376690717,1
C3L-01330.N,S1071,20.0469556639419,1
C3L-01889.N,S1071,19.7888417337655,1
C3L-01890.N,S1071,20.6126975263032,1
C3L-02219.N,S1071,19.7268638228835,1
C3L-02345.N,S1071,19.297943897153,1
C3L-02350.N,S1071,18.2894321935802,1
C3L-02365.N,S1071,20.2055195139375,1
C3L-02549.N,S1071,20.0625392965766,1
C3N-00175.N,S1071,19.631905592769,1
C3N-00180.N,S1071,20.5388164454007,1
C3N-00199.N,S1071,20.1161810225517,1
C3N-00203.N,S1071,19.9325053743005,1
C3N-00546.N,S1071,19.6341322635053,1
C3N-00549.N,S1071,20.5731393333828,1
C3N-00552.N,S1071,20.2930497841855,1
C3N-00572.N,S1071,21.0603116381797,1
C3N-00574.N,S1071,19.7506752798941,1
C3N-00579.N,S1071,20.4084325704898,1
C3N-00738.N,S1071,19.5359238037615,1
C3N-00959.N,S1071,19.9939824075205,1
C3N-01021.N,S1071,19.6478205905601,1
C3N-01030.N,S1071,20.1902633576283,1
C3N-01413.N,S1071,20.1621544782573,1
C3N-01414.N,S1071,19.7051183310381,1
C3N-01415.N,S1071,20.3536680695958,1
C3N-01488.N,S1071,20.7643159955527,1
C3N-01799.N,S1071,20.495867914122,1
C3N-01823.N,S1071,20.1223043342347,1
C3N-02003.N,S1071,19.3022984816535,1
C3N-02087.N,S1071,19.9993810895719,1
C3N-02145.N,S1071,20.1977480933682,1
C3N-02379.N,S1071,19.5775858938116,1
C3N-02423.N,S1071,21.2938242061304,1
C3N-02433.N,S1071,20.7540592831373,1
C3N-02582.N,S1071,19.9183606333432,1
C3N-02586.N,S1071,20.3963790750456,1
C3N-02587.N,S1071,20.389826130273,1
C3N-02588.N,S1071,19.8224029831504,1
C3L-00001.N,S1166,22.4115243056164,1
C3L-00009.N,S1166,21.6874699349477,1
C3L-00094.N,S1166,22.7664881937161,1
C3L-00144.N,S1166,22.2811401207373,1
C3L-00263.N,S1166,21.3464432697387,1
C3L-00412.N,S1166,21.4042954260887,1
C3L-00604.N,S1166,22.4590691742154,1
C3L-01683.N,S1166,22.2134000329163,1
C3L-01924.N,S1166,21.711994526846,1
C3L-02219.N,S1166,22.7181240042441,1
C3L-02365.N,S1166,22.5509289344955,1
C3L-02549.N,S1166,22.3165576396008,1
C3N-00167.N,S1166,21.960864991764,1
C3N-00175.N,S1166,20.9298208160304,1
C3N-00180.N,S1166,21.623698258382,1
C3N-00199.N,S1166,22.2265945612527,1
C3N-00223.N,S1166,22.5796335580612,1
C3N-00293.N,S1166,22.3611616717119,1
C3N-00433.N,S1166,21.6017377201232,1
C3N-00546.N,S1166,22.2465655271549,1
C3N-00549.N,S1166,21.6191777836825,1
C3N-00550.N,S1166,22.3217828258123,1
C3N-00556.N,S1166,23.414460530245,1
C3N-00578.N,S1166,21.8907118813891,1
C3N-00579.N,S1166,22.607258742553,1
C3N-00704.N,S1166,22.7142018835151,1
C3N-01071.N,S1166,21.9586669447246,1
C3N-01072.N,S1166,22.4520038125149,1
C3N-01410.N,S1166,20.5053916663046,1
C3N-01414.N,S1166,22.1097688535512,1
C3N-01415.N,S1166,21.6883848551866,1
C3N-01823.N,S1166,21.9859511099301,1
C3N-02087.N,S1166,21.2986317569418,1
C3N-02145.N,S1166,20.9092638878921,1
C3N-02158.N,S1166,23.0267079050402,1
C3N-02380.N,S1166,22.7942866480838,1
C3N-02421.N,S1166,22.6961669138731,1
C3N-02433.N,S1166,22.7236385378168,1
C3N-02582.N,S1166,22.7212187726662,1
C3N-02586.N,S1166,21.8682194363308,1
C3N-02729.N,S1166,22.056749531119905,1
C3L-00001.N,Y1172,18.2272823414161,1
C3L-00009.N,Y1172,18.943227094608,1
C3L-00080.N,Y1172,18.4959207739934,1
C3L-00140.N,Y1172,17.961018816435,1
C3L-00263.N,Y1172,18.695360253151,1
C3L-00279.N,Y1172,18.3509477444261,1
C3L-00368.N,Y1172,18.0428778618427,1
C3L-00604.N,Y1172,18.8903685858065,1
C3L-01632.N,Y1172,19.0090472434425,1
C3N-00167.N,Y1172,18.5838430482068,1
C3N-00199.N,Y1172,19.3613091612686,1
C3N-00217.N,Y1172,19.5572335831056,1
C3N-00546.N,Y1172,19.0909138561147,1
C3N-00547.N,Y1172,17.5820638650103,1
C3N-00550.N,Y1172,18.4446468437134,1
C3N-00556.N,Y1172,18.4256154714471,1
C3N-00578.N,Y1172,18.7266435581627,1
C3N-00579.N,Y1172,19.21606896076,1
C3N-00704.N,Y1172,19.1508241957678,1
C3N-00737.N,Y1172,18.419477459015,1
C3N-01023.N,Y1172,17.7411370684804,1
C3N-01024.N,Y1172,18.5504674451092,1
C3N-01071.N,Y1172,18.3590239090169,1
C3N-01405.N,Y1172,18.935919120144,1
C3N-01410.N,Y1172,18.5084950209496,1
C3N-01414.N,Y1172,18.8998931446981,1
C3N-01416.N,Y1172,18.5527696294692,1
C3N-01489.N,Y1172,18.6239223399059,1
C3N-02000.N,Y1172,18.8405818201097,1
C3N-02002.N,Y1172,19.2773703067221,1
C3N-02067.N,Y1172,18.1947390744944,1
C3N-02087.N,Y1172,18.8518046655026,1
C3N-02149.N,Y1172,18.4174548029585,1
C3N-02155.N,Y1172,19.4847971642841,1
C3N-02158.N,Y1172,18.57962347382709,1
C3N-02421.N,Y1172,19.201457971385,1
C3N-02424.N,Y1172,18.7425888792658,1
C3N-02529.N,Y1172,18.1527361753539,1
C3N-02582.N,Y1172,19.123044192761,1
C3N-02729.N,Y1172,18.3543338291727,1
C3L-00001.N,S1042,19.1934898122179,1
C3L-00009.N,S1042,18.6670516252117,1
C3L-00093.N,S1042,19.5238186550954,1
C3L-00095.N,S1042,19.1950931293768,1
C3L-00140.N,S1042,19.0748349897112,1
C3L-00279.N,S1042,19.0033032803531,1
C3L-00368.N,S1042,19.285152608582,1
C3L-00412.N,S1042,18.6259260943815,1
C3L-00510.N,S1042,19.079338732936,1
C3L-00913.N,S1042,19.5590959587926,1
C3L-01330.N,S1042,19.4414230004883,1
C3L-02219.N,S1042,19.4913825932285,1
C3L-02345.N,S1042,19.3673969290296,1
C3N-00167.N,S1042,19.0969679324485,1
C3N-00180.N,S1042,18.9650577104085,1
C3N-00203.N,S1042,18.9862150754636,1
C3N-00546.N,S1042,18.4532347422707,1
C3N-00549.N,S1042,18.8815490257283,1
C3N-00550.N,S1042,19.1325179424562,1
C3N-00556.N,S1042,19.6883863221679,1
C3N-00559.N,S1042,19.701412229767,1
C3N-00574.N,S1042,19.0781574502307,1
C3N-00704.N,S1042,19.1451978997547,1
C3N-01021.N,S1042,18.9822711271184,1
C3N-01071.N,S1042,19.3788726417434,1
C3N-01414.N,S1042,18.9227889561392,1
C3N-01415.N,S1042,18.9393217787104,1
C3N-01416.N,S1042,18.9747930642979,1
C3N-02067.N,S1042,19.2831852863452,1
C3N-02087.N,S1042,18.6502144503714,1
C3N-02145.N,S1042,19.3355877327241,1
C3N-02149.N,S1042,19.2557614388442,1
C3N-02158.N,S1042,19.3264413633387,1
C3N-02421.N,S1042,18.924324982456,1
C3N-02424.N,S1042,19.0385290752618,1
C3N-02433.N,S1042,19.0890706913151,1
C3N-02529.N,S1042,19.200763313714,1
C3N-02572.N,S1042,19.3346736938608,1
C3N-02586.N,S1042,19.3002394313988,1
C3L-00083.N,S1026,17.3526188445898,1
C3L-00140.N,S1026,17.0323614415371,1
C3L-00279.N,S1026,17.6621644837332,1
C3L-00368.N,S1026,17.4645105939426,1
C3L-00422.N,S1026,17.8166509152974,1
C3L-01330.N,S1026,17.5413343880564,1
C3L-01632.N,S1026,18.3427548076828,1
C3L-01889.N,S1026,17.842771420035,1
C3L-02219.N,S1026,16.4147359828361,1
C3L-02365.N,S1026,17.5157542662798,1
C3L-02549.N,S1026,17.6092204660456,1
C3N-00169.N,S1026,17.8308389060457,1
C3N-00175.N,S1026,16.8533779443282,1
C3N-00180.N,S1026,17.0329728658981,1
C3N-00203.N,S1026,17.6703961652409,1
C3N-00217.N,S1026,17.5617862847626,1
C3N-00551.N,S1026,17.7443265253938,1
C3N-00552.N,S1026,17.6300202362307,1
C3N-00574.N,S1026,17.8569461328888,1
C3N-00704.N,S1026,18.5298424811137,1
C3N-01021.N,S1026,17.5762170786669,1
C3N-01030.N,S1026,17.9479234577263,1
C3N-01416.N,S1026,17.1944714365324,1
C3N-01823.N,S1026,17.6380318511124,1
C3N-02002.N,S1026,18.0894503231512,1
C3N-02067.N,S1026,17.1903472974422,1
C3N-02145.N,S1026,17.291992957263,1
C3N-02149.N,S1026,17.7668530181632,1
C3N-02155.N,S1026,17.8947835947149,1
C3N-02158.N,S1026,17.7585458945985,1
C3N-02421.N,S1026,18.0092660040616,1
C3N-02424.N,S1026,17.5586776965464,1
C3N-02529.N,S1026,17.3946522304361,1
C3N-02586.N,S1026,17.8745803816681,1
C3N-02588.N,S1026,17.7923161507844,1
C3L-00009.N,Y1092,16.5528303710757,1
C3L-00140.N,Y1092,17.2902785436959,1
C3L-00368.N,Y1092,17.4230590707308,1
C3L-00412.N,Y1092,17.971204015726,1
C3L-00604.N,Y1092,17.6311268651705,1
C3L-01330.N,Y1092,18.3207842231429,1
C3L-02350.N,Y1092,17.3199706428715,1
C3L-02365.N,Y1092,18.3678711603755,1
C3L-02549.N,Y1092,17.5555994001324,1
C3N-00175.N,Y1092,17.6355954446073,1
C3N-00199.N,Y1092,17.264347441012,1
C3N-00203.N,Y1092,18.0864136512396,1
C3N-00546.N,Y1092,17.5678096926072,1
C3N-00549.N,Y1092,17.4156722972217,1
C3N-00556.N,Y1092,17.7431913487179,1
C3N-00574.N,Y1092,17.5872365357205,1
C3N-00579.N,Y1092,17.6866279877531,1
C3N-00704.N,Y1092,17.8735875595091,1
C3N-00738.N,Y1092,17.6834873940526,1
C3N-00959.N,Y1092,17.6269043671779,1
C3N-01021.N,Y1092,17.5237394098533,1
C3N-01414.N,Y1092,16.9742492306172,1
C3N-01415.N,Y1092,17.8297712323149,1
C3N-01823.N,Y1092,17.8927385266664,1
C3N-02003.N,Y1092,17.2174862263271,1
C3N-02067.N,Y1092,17.855621307407,1
C3N-02087.N,Y1092,17.2191074588919,1
C3N-02158.N,Y1092,17.8943145206682,1
C3N-02379.N,Y1092,17.5923102799153,1
C3N-02421.N,Y1092,17.3898112089121,1
C3N-02433.N,Y1092,17.3778808097803,1
C3N-02529.N,Y1092,17.6724931756524,1
C3N-02582.N,Y1092,17.3933486499591,1
C3L-00093.N,T1041,17.7156647592615,1
C3L-00510.N,T1041,17.440649254351,1
C3L-00604.N,T1041,18.2433000567799,1
C3L-00913.N,T1041,17.0207860280336,1
C3L-01682.N,T1041,18.0312595746485,1
C3L-02345.N,T1041,17.3014438628786,1
C3L-02350.N,T1041,17.0229655753792,1
C3N-00199.N,T1041,17.9235232126335,1
C3N-00579.N,T1041,18.2107308601293,1
C3N-00580.N,T1041,17.7059535284165,1
C3N-00738.N,T1041,18.1956906598095,1
C3N-00959.N,T1041,17.7180710035464,1
C3N-01016.N,T1041,17.2760803873035,1
C3N-02003.N,T1041,18.4384539538176,1
C3N-02089.N,T1041,17.2195099511577,1
C3N-02379.N,T1041,17.6779499663105,1
C3N-02582.N,T1041,18.130953647419,1
C3L-00093.N,S695,15.4910895757967,1
C3L-00510.N,S695,14.9282803012428,1
C3L-00604.N,S695,15.279802893316,1
C3L-00913.N,S695,15.7497993025968,1
C3L-01632.N,S695,15.4304801642183,1
C3L-01682.N,S695,14.6867002639734,1
C3L-02345.N,S695,14.9240737624335,1
C3N-00199.N,S695,15.7364859058207,1
C3N-00217.N,S695,15.3676064832918,1
C3N-00579.N,S695,15.3568712210341,1
C3N-00580.N,S695,13.9673024680014,1
C3N-01016.N,S695,14.5804991498687,1
C3N-02002.N,S695,15.1783638962183,1
C3N-02089.N,S695,14.6783435756175,1
C3N-02155.N,S695,15.0383458476609,1
C3N-02582.N,S695,15.5767277730077,1
C3L-00279.N,T993,17.1229991510144,1
C3L-01632.N,T993,16.198558846321,1
C3L-01890.N,T993,16.493380463986,1
C3L-02219.N,T993,16.8920361302797,1
C3N-00180.N,T993,16.8523224827509,1
C3N-00217.N,T993,16.9470613315677,1
C3N-00572.N,T993,16.4283965744446,1
C3N-01416.N,T993,16.9992098858631,1
C3N-01799.N,T993,16.2651632455382,1
C3N-02002.N,T993,16.3881777907355,1
C3N-02145.N,T993,17.0037792794388,1
C3N-02149.N,T993,17.0798399752256,1
C3N-02155.N,T993,16.5216574874144,1
C3N-02423.N,T993,16.8320907123052,1
C3N-02424.N,T993,16.4146481416189,1
C3N-02586.N,T993,16.5968041974574,1
C3L-00140.N,S1045,16.4883102042249,1
C3L-00368.N,S1045,16.2057590759484,1
C3L-01330.N,S1045,17.0871579896939,1
C3L-02219.N,S1045,15.5954969309952,1
C3N-00180.N,S1045,16.2316300428837,1
C3N-00203.N,S1045,16.5164358999019,1
C3N-00574.N,S1045,16.7863087814663,1
C3N-01021.N,S1045,16.5607673586975,1
C3N-02067.N,S1045,16.3254434786916,1
C3N-02145.N,S1045,16.0970307575511,1
C3N-02529.N,S1045,16.9225942621304,1
C3N-02586.N,S1045,15.6192706887557,1
C3L-00263.N,S1025,15.9470324809265,1
C3N-00578.N,S1025,15.4666634434734,1
C3N-00737.N,S1025,15.4504802341369,1
C3N-01405.N,S1025,15.50595238714,1
C3N-01410.N,S1025,15.8852151536743,1
C3N-01489.N,S1025,15.6148414847611,1
C3N-02000.N,S1025,15.5245506987829,1
C3N-02729.N,S1025,15.6537111773257,1
C3L-00604.N,S1081,12.6489579776735,1
C3N-00199.N,S1081,13.1003487695872,1
C3N-00579.N,S1081,12.1011927537996,1
C3N-02582.N,S1081,12.2913875532134,1
C3L-02365.N,T1085,12.1456913714847,1
C3L-02549.N,T1085,11.8520643770042,1
C3N-00175.N,T1085,12.2033152139445,1
C3N-01823.N,T1085,12.0168037211357,1
C3L-00973.N,Y1016,12.9586616576777,1
C3L-02348.N,Y1016,13.0265633533204,1
C3L-02508.N,Y1016,12.5166284637481,1
C3N-00560.N,Y1016,13.122930144338,1
C3L-00604.N,Y1069,11.8281901829503,1
C3N-00199.N,Y1069,12.8601773850443,1
C3N-00579.N,Y1069,12.6752511917185,1
C3N-02582.N,Y1069,12.8166009366407,1
C3N-00556.N,Y1110,10.264839335257,1
C3N-00704.N,Y1110,10.7843341449063,1
C3N-02158.N,Y1110,10.6979124335979,1
C3N-02421.N,Y1110,10.7678084333915,1
