Name,EGFR,EGFR,EGFR,EGFR,EGFR,EGFR,EGFR,EGFR,EGFR,EGFR,EGFR,EGFR,EGFR,EGFR,EGFR,EGFR,EGFR,EGFR,EGFR,EGFR,EGFR,EGFR,EGFR,EGFR,EGFR,EGFR,EGFR,EGFR,EGFR,EGFR,EGFR,EGFR,EGFR,EGFR,EGFR,EGFR,EGFR,EGFR,EGFR,EGFR,EGFR,EGFR
Site,S991,S1064,T693,S1039,Y1197,S1071,S1042,S1166,Y1172,S1026,Y1092,T993,S695,T1041,S1045,S1025,Y1110,S1081,T1085,Y1016,Y1069,S991,T693,S1064,S1039,Y1197,S1071,S1166,Y1172,S1042,S1026,Y1092,T1041,S695,T993,S1045,S1025,S1081,T1085,Y1016,Y1069,Y1110
Peptide,DERMHLPSPTDSNFY,SCPIKEDSFLQRYSS,RELVEPLTPSGEAPN,TPLLSSLSATSNNST,STAENAEYLRVAPQS,SFLQRYSSDPTGALT,LSSLSATSNNSTVAC,QKGSHQISLDNPDYQ,ISLDNPDYQQDFFPK,PQQGFFSSPSTSRTP,TFLPVPEYINQSVPK,RMHLPSPTDSNFYRA,LVEPLTPSGEAPNQA,LLSSLSATSNNSTVA,LSATSNNSTVACIDR,IPQQGFFSSPSTSRT,GSVQNPVYHNQPLNP,TGALTEDSIDDTFLP,TEDSIDDTFLPVPEY,DVVDADEYLIPQQGF,EDSFLQRYSSDPTGA,DERMHLPSPTDSNFY,RELVEPLTPSGEAPN,SCPIKEDSFLQRYSS,TPLLSSLSATSNNST,STAENAEYLRVAPQS,SFLQRYSSDPTGALT,QKGSHQISLDNPDYQ,ISLDNPDYQQDFFPK,LSSLSATSNNSTVAC,PQQGFFSSPSTSRTP,TFLPVPEYINQSVPK,LLSSLSATSNNSTVA,LVEPLTPSGEAPNQA,RMHLPSPTDSNFYRA,LSATSNNSTVACIDR,IPQQGFFSSPSTSRT,TGALTEDSIDDTFLP,TEDSIDDTFLPVPEY,DVVDADEYLIPQQGF,EDSFLQRYSSDPTGA,GSVQNPVYHNQPLNP
Database_ID,ENSG00000146648.18,ENSG00000146648.18,ENSG00000146648.18,ENSG00000146648.18,ENSG00000146648.18,ENSG00000146648.18,ENSG00000146648.18,ENSG00000146648.18,ENSG00000146648.18,ENSG00000146648.18,ENSG00000146648.18,ENSG00000146648.18,ENSG00000146648.18,ENSG00000146648.18,ENSG00000146648.18,ENSG00000146648.18,ENSG00000146648.18,ENSG00000146648.18,ENSG00000146648.18,ENSG00000146648.18,ENSG00000146648.18,ENSG00000146648.18,ENSG00000146648.18,ENSG00000146648.18,ENSG00000146648.18,ENSG00000146648.18,ENSG00000146648.18,ENSG00000146648.18,ENSG00000146648.18,ENSG00000146648.18,ENSG00000146648.18,ENSG00000146648.18,ENSG00000146648.18,ENSG00000146648.18,ENSG00000146648.18,ENSG00000146648.18,ENSG00000146648.18,ENSG00000146648.18,ENSG00000146648.18,ENSG00000146648.18,ENSG00000146648.18,ENSG00000146648.18
Patient_ID,,,,,,,,,,,,,,,,,,,,,,,,,,,,,,,,,,,,,,,,,,
C3L-00001,23.4232198955577,26.7168829898573,25.9753804745753,25.5761420903897,24.88015906724,,21.2465174431206,26.6542666764578,21.9244761227765,,,,,,,,,,,,,,,,,,,,,,,,,,,,,,,,,
C3L-00009,22.7500156139243,22.5589166450039,24.0018257468906,22.6882376497,20.3898504016114,18.3336273187772,18.0061349985087,22.0353773330013,18.5908841694119,,17.3101421250165,,,,,,,,,,,,,,,,,,,,,,,,,,,,,,,
C3L-00080,21.8504186093133,21.6323609395777,23.1853271598181,23.004742120067,19.7185857053682,,,,17.556574774345,,,,,,,,,,,,,,,,,,,,,,,,,,,,,,,,,
C3L-00083,21.9161263705187,,22.9156557942792,22.8928872347039,20.152819373663,,,,,17.9764361705204,,,,,,,,,,,,,,,,,,,,,,,,,,,,,,,,
C3L-00093,22.4274141868437,20.9861287337543,23.3730103754911,22.6759984845919,20.6776982818201,18.4678710930064,17.8778436815786,,,,,,15.0422811164249,17.3067192521686,,,,,,,,,,,,,,,,,,,,,,,,,,,,
C3L-00094,21.8456636871627,20.8053500450305,23.7590218211159,,19.6972004674658,,,21.3941778583054,,,,,,,,,,,,,,,,,,,,,,,,,,,,,,,,,,
C3L-00095,22.0567701749543,21.288382720422,23.9704387443254,22.22530645474,19.8740814588373,,18.8349686378697,,,,,,,,,,,,,,,,,,,,,,,,,,,,,,,,,,,
C3L-00140,22.5018659436381,21.3703347513937,23.8717831542285,22.8276228844559,21.0961491086359,,19.1819843367989,,18.9361725316109,17.0429566951577,17.7703716820501,,,,16.0703036876576,,,,,,,,,,,,,,,,,,,,,,,,,,,
C3L-00144,21.7945423551217,21.8287425366187,23.9584068287434,,20.3397593911399,,,21.3513348733336,,,,,,,,,,,,,,,,,,,,,,,,,,,,,,,,,,
C3L-00263,22.555752090244,21.785549603862,23.9484674404201,22.8141759801293,20.3739737773021,,,21.7891190621778,18.8743996982343,,,,,,,15.6381135072197,,,,,,,,,,,,,,,,,,,,,,,,,,
C3L-00279,22.127653895323,22.9438735428439,,,20.6679575837419,,19.357880643078,,18.9143960633021,17.0211373470683,,15.8086450442301,,,,,,,,,,,,,,,,,,,,,,,,,,,,,,
C3L-00368,22.4871044665789,23.0449730956035,24.9447250052097,23.2656923623559,22.680556603013,,18.6268770036672,,20.4697886721924,16.8166496499982,19.2245803043162,,,,16.3145531682877,,,,,,,,,,,,,,,,,,,,,,,,,,,
C3L-00412,22.4749729862049,21.576863404779,23.731519921966,22.6954676080883,20.2887548203187,19.8466030844832,18.6707987748997,21.9488352406635,,,17.4667517597836,,,,,,,,,,,,,,,,,,,,,,,,,,,,,,,
C3L-00422,22.4431882924253,,24.439647006062,23.1649473181055,21.3716268826099,,,,,17.8169914970903,,,,,,,,,,,,,,,,,,,,,,,,,,,,,,,,
C3L-00510,22.5111563952341,22.4027231898171,23.6713749714808,23.234995147775,21.2338925377438,18.740362676736,18.9706035261997,,,,,,14.8652378486326,17.0291997303001,,,,,,,,,,,,,,,,,,,,,,,,,,,,
C3L-00604,22.8223359773773,22.1823486800684,24.399279190877,22.6282099198248,20.3045772672618,19.8235775769408,,22.461678020582,18.0477512852206,,16.9941922811266,,15.5081762942224,17.774388363077,,,,12.3722158513501,,,11.5915561395594,,,,,,,,,,,,,,,,,,,,,
C3L-00893,22.2891131422569,21.7773965070339,24.431461401378,23.1050489724937,22.1740464780755,19.4021840782576,,,,,,,,,,,,,,,,,,,,,,,,,,,,,,,,,,,,
C3L-00913,22.5462327672512,21.5453026061177,23.5792273029462,22.8145516556056,20.4737052946319,18.4722329512551,18.5110022697219,,,,,,14.3179878640238,16.8959147560999,,,,,,,,,,,,,,,,,,,,,,,,,,,,
C3L-00973,21.9176876010772,21.9601381548541,23.5288461743768,,,,,,,,,,,,,,,,,13.2160837733531,,,,,,,,,,,,,,,,,,,,,,
C3L-01330,21.8199128110537,21.8605768912366,22.9640013916162,22.4237654052756,19.3137980339978,18.0938704600591,19.6985330797364,,,16.9260134007273,16.9035254905506,,,,15.5013452088644,,,,,,,,,,,,,,,,,,,,,,,,,,,
C3L-01632,22.3426702008448,20.9030517298294,23.9505670069477,22.5547860709185,,,,,18.9674707067195,17.6055431718438,,15.9134126666941,15.0754987646468,,,,,,,,,,,,,,,,,,,,,,,,,,,,,
C3L-01682,22.3907330568987,22.3383271622331,24.3644154854953,22.3524461631163,20.3671432394638,,,,,,,,14.4990288948788,17.5808322960231,,,,,,,,,,,,,,,,,,,,,,,,,,,,
C3L-01683,21.5940574382881,21.0601182964242,23.7018077890456,23.1321010365178,,,,21.5878725253399,,,,,,,,,,,,,,,,,,,,,,,,,,,,,,,,,,
C3L-01862,22.5685252040707,21.197399820493,24.1209742610342,22.1147605406085,19.8951801201694,19.8607603477905,18.9341675029601,21.5822894833819,,17.649962234141,,16.1062380170863,,,16.4821768572386,,,,,,,,,,,,,,,,,,,,,,,,,,,
C3L-01889,22.2757868253623,21.2647634156725,24.1430145264818,22.3196665217717,21.1327023637958,19.6941139879857,,,,17.6379730712728,,,,,,,,,,,,,,,,,,,,,,,,,,,,,,,,
C3L-01890,22.4570045900383,20.706925828959,23.7943767558212,22.3815544435189,20.3130250714419,19.4216394433351,,,,,,16.0143024816159,,,,,,,,,,,,,,,,,,,,,,,,,,,,,,
C3L-01924,21.7395495739888,22.4894168893558,23.6420563972077,22.0880275252914,,,,22.6859109101201,,,,,,,,,,,,,,,,,,,,,,,,,,,,,,,,,,
C3L-02219,22.9038657833472,24.3060792674216,26.4502449208494,24.5280517868534,23.7708827040033,21.9193107782665,20.2678077296928,24.5379238556884,,17.8603136778574,,16.6279625093023,,,16.3953441334472,,,,,,,,,,,,,,,,,,,,,,,,,,,
C3L-02345,22.5624360148404,20.4582538690064,23.4862700377184,22.4843503825832,19.820067857308,18.2963563429768,18.4430391513234,,,,,,14.9373762390842,17.0046973597157,,,,,,,,,,,,,,,,,,,,,,,,,,,,
C3L-02348,22.1417643317248,22.7558615718366,23.9188288847936,,,,,,,,,,,,,,,,,13.1047374590749,,,,,,,,,,,,,,,,,,,,,,
C3L-02350,22.3808007876504,21.0577121694684,22.9069921154985,22.4948486006388,20.4473066413894,17.8474921220143,,,,,17.4395519193686,,,17.4527715802502,,,,,,,,,,,,,,,,,,,,,,,,,,,,
C3L-02365,22.4773015435222,22.5707925449222,23.9283585689435,22.7763259488919,19.9785803489168,19.7196804762487,,22.8744322142079,,17.5007825506626,17.4446886776944,,,,,,,,12.4543820635982,,,,,,,,,,,,,,,,,,,,,,,
C3L-02508,21.7145310991909,21.0398304735254,23.749937851646,,,,,,,,,,,,,,,,,13.5418534275404,,,,,,,,,,,,,,,,,,,,,,
C3L-02549,22.8284589724493,21.9902992236162,24.5492943922258,23.0030341423216,20.4202329922466,19.6688504202525,,21.4355547978995,,17.3063910450031,17.738552351753,,,,,,,,11.6003013568627,,,,,,,,,,,,,,,,,,,,,,,
C3N-00167,22.0067030202489,23.7679294391852,24.6511717179396,23.1652880237278,21.5209055230703,,19.3383546733428,23.0489767976614,19.2989694032304,,,,,,,,,,,,,,,,,,,,,,,,,,,,,,,,,
C3N-00169,23.445208490598,,24.9086715719977,22.7182698502168,20.8812337566674,,,,,17.7190124061829,,,,,,,,,,,,,,,,,,,,,,,,,,,,,,,,
C3N-00175,23.0082120156554,23.7919684189538,24.4405359213178,22.8225839837052,19.9424535189398,20.9533705329091,,21.8393396011406,,17.5785371713695,17.4790974901496,,,,,,,,12.2807546471266,,,,,,,,,,,,,,,,,,,,,,,
C3N-00180,22.6487052387635,22.4688733411148,24.5569761289867,22.516141192878,20.2059604122975,20.0440552550256,19.002194546157,21.6925349025873,,17.8957665449522,,16.5141217602484,,,16.3639857673823,,,,,,,,,,,,,,,,,,,,,,,,,,,
C3N-00199,22.6105688348139,23.8945376781356,25.0837693524469,23.1061230054386,21.1451545267145,21.622320013297,,22.4493243163881,20.2192409975538,,18.3208802926288,,15.3005479321738,18.7357396608133,,,,13.4996232454565,,,12.5424573311485,,,,,,,,,,,,,,,,,,,,,
C3N-00203,22.6762887392911,22.3301779278066,23.4541480288899,22.57537024717,22.0036765237067,18.8529758549871,18.492707640738,,,17.410466986827,18.447413631434,,,,16.0587468155773,,,,,,,,,,,,,,,,,,,,,,,,,,,
C3N-00217,22.7419618536859,21.3217224040783,23.6033441875382,21.6942674234768,,,,,19.3503791103925,17.7540498212837,,15.642251778196,15.2471197906161,,,,,,,,,,,,,,,,,,,,,,,,,,,,,
C3N-00223,21.9539609134859,21.9017633381509,24.1513824278709,,21.1199452714979,,,22.3394343510396,,,,,,,,,,,,,,,,,,,,,,,,,,,,,,,,,,
C3N-00293,22.1683384354143,21.1827170588177,24.1227040063013,22.0447063952902,,,,22.700370527765,,,,,,,,,,,,,,,,,,,,,,,,,,,,,,,,,,
C3N-00294,22.4833872739219,24.155150893768,25.4130327547097,24.5125262862285,20.9340378071913,,19.6990867549151,23.4589784576839,20.1290208219156,18.0908839756993,18.6429779761161,,,,,,9.4812042681664,,,,,,,,,,,,,,,,,,,,,,,,,
C3N-00433,21.5578284538258,22.2088527131159,24.104115149851,22.6741573026894,,,,21.2627480339555,,,,,,,,,,,,,,,,,,,,,,,,,,,,,,,,,,
C3N-00546,23.3879195675553,24.0042380886659,25.919395086077,22.8608483482702,21.6074721846429,20.9950785318476,18.8438272583963,22.511022035491,19.3275039252123,,18.8657915141345,,,,,,,,,,,,,,,,,,,,,,,,,,,,,,,
C3N-00547,22.3094786974654,20.8108106301822,24.0973263228485,22.7250653847646,20.0047179186011,,,,18.0363267739286,,,,,,,,,,,,,,,,,,,,,,,,,,,,,,,,,
C3N-00549,22.2707665709959,21.1264088443297,22.6305414174899,21.5235212351345,19.7463770587805,18.8355360901555,18.5593218937534,21.1973258539996,,,16.6488766697559,,,,,,,,,,,,,,,,,,,,,,,,,,,,,,,
C3N-00550,22.4216739152259,22.3409468498909,24.2516858699258,23.2464029539598,19.662790468434,,18.9493924561191,22.9542567659806,18.1687589681828,,,,,,,,,,,,,,,,,,,,,,,,,,,,,,,,,
C3N-00551,22.3011292856393,,23.4973857724802,22.9665292550655,20.2614724634855,,,,,17.438468128569,,,,,,,,,,,,,,,,,,,,,,,,,,,,,,,,
C3N-00552,23.0289483801689,22.9018298017396,24.4804091572834,22.7403635791344,20.8220409020922,20.1929736382336,,,,17.4381410873166,,,,,,,,,,,,,,,,,,,,,,,,,,,,,,,,
C3N-00556,22.539240434307,23.7209728867538,24.6648580696209,23.4827344082044,20.0029148679356,,19.2775629082973,23.3522654527408,19.1346232712057,18.0624176935648,17.7926385371675,,,,,,9.84385282273803,,,,,,,,,,,,,,,,,,,,,,,,,
C3N-00559,22.3546582035917,24.4992432688626,24.8981412957555,23.7264075433124,23.3431572009979,,19.0430001057254,,,,,,,,,,,,,,,,,,,,,,,,,,,,,,,,,,,
C3N-00560,22.140174021099,19.9719891167284,22.9995998884168,,,,,,,,,,,,,,,,,13.0345387008293,,,,,,,,,,,,,,,,,,,,,,
C3N-00572,22.5453018541855,22.7873208564811,24.5785425118232,22.6084944713391,20.9481394474083,20.5755886325199,,,,,,16.4720084376023,,,,,,,,,,,,,,,,,,,,,,,,,,,,,,
C3N-00574,23.7633993060644,24.0577796237564,25.7888378107747,23.9830438615108,23.1948382694604,21.4450404639001,20.2311620187553,,,18.7568245961546,20.1071088467564,,,,17.0233493737551,,,,,,,,,,,,,,,,,,,,,,,,,,,
C3N-00578,23.3574439624746,23.5456839910915,24.53140139382,22.1512330549289,20.8084339516507,,,22.5579313958125,19.6621048051334,,,,,,,15.4829547125827,,,,,,,,,,,,,,,,,,,,,,,,,,
C3N-00579,22.6136048407851,22.9400556091836,24.6856763628873,22.5837506196937,20.4922066443371,20.7878119463927,,22.9002459620579,19.1177568358124,,16.5247322553918,,15.5568015981036,17.9932621533431,,,,12.6659722415725,,,12.3406931941035,,,,,,,,,,,,,,,,,,,,,
C3N-00580,22.2549997032906,22.241164583279,23.6719590137933,21.9105077944508,20.3467947505886,,,,,,,,14.7848697140106,17.1256049813194,,,,,,,,,,,,,,,,,,,,,,,,,,,,
C3N-00704,22.4695016104903,23.1492959419365,25.812993954244,24.0007489451942,21.3310135516791,,18.9243226323299,22.9433342699268,20.3730920025708,17.0531757908556,18.551417973139,,,,,,11.2775796671565,,,,,,,,,,,,,,,,,,,,,,,,,
C3N-00737,22.3070555444281,21.1185292271337,23.9815782911191,22.2822601587579,,,,,18.2977539907789,,,,,,,14.9776214631561,,,,,,,,,,,,,,,,,,,,,,,,,,
C3N-00738,22.7964248660349,21.1748862466583,23.7221997538245,21.9197712218888,20.7518749255105,18.6173087283675,,,,,17.9129022472359,,,17.3921854835259,,,,,,,,,,,,,,,,,,,,,,,,,,,,
C3N-00959,22.8440645129337,21.2296545346348,24.0555758038973,22.0125730361815,20.532721791667,19.3939017753704,,,,,17.6047729274278,,,17.9931658688484,,,,,,,,,,,,,,,,,,,,,,,,,,,,
C3N-01016,22.1954550509578,20.3101449198725,23.1314955097154,22.0105552058416,19.6782630159067,,,,,,,,14.6916724910585,17.392355387687,,,,,,,,,,,,,,,,,,,,,,,,,,,,
C3N-01021,21.6537213142166,23.3540483774326,24.1419660234133,23.2097989597392,20.4611339192745,19.9188173468624,18.8091767047313,,,17.6089895039465,18.4791954831,,,,16.337881416466,,,,,,,,,,,,,,,,,,,,,,,,,,,
C3N-01023,22.214684540835,19.5245785333342,23.4142939548894,23.0828371465012,19.8849011077063,,,,17.6786449420201,,,,,,,,,,,,,,,,,,,,,,,,,,,,,,,,,
C3N-01024,22.0347954345365,21.4506937935553,23.4644070686848,22.8790539829233,19.888716986427,,,,18.1281593651455,,,,,,,,,,,,,,,,,,,,,,,,,,,,,,,,,
C3N-01030,22.6077910186176,21.6248682463866,24.2439320645886,22.5610533467401,20.7057571188199,19.6877291813806,,,,17.7124060308391,,,,,,,,,,,,,,,,,,,,,,,,,,,,,,,,
C3N-01071,21.9210258713989,20.4586785888725,24.2561563727551,22.8504389168029,19.2026955609295,,18.662623344321,21.2410629703503,17.276410057835,,,,,,,,,,,,,,,,,,,,,,,,,,,,,,,,,
C3N-01072,21.727868942115,21.1159068729453,24.0491464943597,,19.9214385580489,,,21.6249070254717,,,,,,,,,,,,,,,,,,,,,,,,,,,,,,,,,,
C3N-01074,22.4341658850882,22.4713507717517,24.3439525789139,23.282501374735,19.507851216327,,18.7900168523639,22.401912090976,18.4378756012437,,,,,,,,,,,,,,,,,,,,,,,,,,,,,,,,,
C3N-01405,22.8492329944013,20.7221423381361,25.0117677415699,23.0948807498092,,,,,18.9670355557265,,,,,,,15.5547214095469,,,,,,,,,,,,,,,,,,,,,,,,,,
C3N-01410,22.6872858070278,20.7607093420606,24.1493180165505,22.4590153001213,19.8423001248362,,,19.8905684097758,18.0256341065003,,,,,,,15.7362308236498,,,,,,,,,,,,,,,,,,,,,,,,,,
C3N-01413,22.5313664740118,22.3822103373977,23.8751526470316,22.7238215863775,21.5859010040177,19.062832701024,,,,,,,,,,,,,,,,,,,,,,,,,,,,,,,,,,,,
C3N-01414,22.6239899788881,20.6809922599972,24.3536675016164,22.9045044250699,19.5386860652276,18.845144197899,18.4509570762463,21.3769068010499,18.3598660629335,,16.4565034007452,,,,,,,,,,,,,,,,,,,,,,,,,,,,,,,
C3N-01415,22.7477754461342,24.5462823745954,25.0636369390818,22.919349156479,22.180519991183,21.0893074866452,19.3141066486612,24.0980152206736,,,19.100373633973,,,,,,,,,,,,,,,,,,,,,,,,,,,,,,,
C3N-01416,22.8412268974022,22.8471155249648,,,20.7955585255396,,19.1488194825806,,18.8023682702779,17.1154558003646,,16.0699641612726,,,,,,,,,,,,,,,,,,,,,,,,,,,,,,
C3N-01488,22.4053821274986,21.4127236483869,23.9019103896561,22.3378223301798,20.4687904726846,19.4671335696985,,,,,,,,,,,,,,,,,,,,,,,,,,,,,,,,,,,,
C3N-01489,22.3810323740133,22.7124310776761,24.0741188808353,22.5453723011296,,,,,18.823375096458,,,,,,,15.37486595975,,,,,,,,,,,,,,,,,,,,,,,,,,
C3N-01799,22.1884296640076,21.4492443174849,23.7888807356136,23.8458735600389,21.0136345095613,19.0534353927299,,,,,,16.0135883819369,,,,,,,,,,,,,,,,,,,,,,,,,,,,,,
C3N-01823,22.4880398158067,22.331806543272,23.4570276492097,22.8794355114178,19.8066949800244,19.1494823632544,,22.0572171574996,,17.3987363479022,17.8499150856974,,,,,,,,11.9365704745677,,,,,,,,,,,,,,,,,,,,,,,
C3N-01842,22.5697028966191,,23.6812477461745,22.6281187817575,20.503488404703,,,,,17.4602227268809,,,,,,,,,,,,,,,,,,,,,,,,,,,,,,,,
C3N-02000,22.3402560214614,24.2051740669292,24.7555709679828,23.466716860457,,,,,19.9862464950008,,,,,,,15.1729634606814,,,,,,,,,,,,,,,,,,,,,,,,,,
C3N-02002,22.302986045421,21.4654385322502,24.8428569774288,23.1028901436429,,,,,20.0056225721796,17.5871123108292,,15.9520452915504,15.2093176267943,,,,,,,,,,,,,,,,,,,,,,,,,,,,,
C3N-02003,22.8325367464205,22.136195552058,23.9942225898687,22.8772563208708,19.8428200965025,19.6252381990351,,,,,18.1899479723977,,,17.6628824808082,,,,,,,,,,,,,,,,,,,,,,,,,,,,
C3N-02067,22.4288649515799,24.2091774710864,24.9645208664339,22.1746899041585,21.9912819853305,,18.9740290450641,,20.1980677254268,16.9526100254052,19.9716735301364,,,,16.2831733712669,,,,,,,,,,,,,,,,,,,,,,,,,,,
C3N-02087,22.2966306728677,22.9649057943481,24.6276899464327,22.7421556777188,21.2153646136103,19.0031975582261,18.5594271354215,21.4100693352649,18.8854712684865,,18.0390857827856,,,,,,,,,,,,,,,,,,,,,,,,,,,,,,,
C3N-02089,22.6121596999651,19.6526705386813,22.6680119586025,21.2240415482156,19.5009116822456,,,,,,,,14.5427170456574,17.0844000540493,,,,,,,,,,,,,,,,,,,,,,,,,,,,
C3N-02145,23.1108149701457,23.4204414618803,24.8742139783581,22.4926841885414,20.5838769478598,20.2019814580648,18.6882687813201,21.5958754352305,,17.9133218347829,,16.2860263748901,,,16.1659762869744,,,,,,,,,,,,,,,,,,,,,,,,,,,
C3N-02149,22.3123381672318,20.6691892678011,,,20.1290968739822,,18.9578162197747,,16.9484604318587,17.2987477600945,,16.3486559789954,,,,,,,,,,,,,,,,,,,,,,,,,,,,,,
C3N-02155,24.0280461066818,25.4758444390569,25.9865056105123,22.6582368968011,,,,,21.2097805921879,18.0535282267459,,16.9598278041598,15.4283396660627,,,,,,,,,,,,,,,,,,,,,,,,,,,,,
C3N-02158,22.3764968603727,22.2190147314028,23.9579136880273,23.0416340763694,19.9259560585265,,18.9564972211696,22.8519790084834,17.8500341620398,18.3605161913843,17.5157068979966,,,,,,10.5118930227476,,,,,,,,,,,,,,,,,,,,,,,,,
C3N-02379,22.7231049313828,24.4823896989791,,,23.5279123516939,,19.6522234108075,,21.5232646834421,18.1434673834941,,16.0921729768451,,,,,,,,,,,,,,,,,,,,,,,,,,,,,,
C3N-02380,21.8413189704133,23.0448046371495,24.2470870693154,,21.0016429127042,,,23.1652901443894,,,,,,,,,,,,,,,,,,,,,,,,,,,,,,,,,,
C3N-02421,23.3913460214515,24.406719085935,25.277127281789,24.5537468273379,21.6698323930507,,18.8141854889075,23.5406985734123,20.6673635750963,18.3015269075261,18.7428797303427,,,,,,10.3984362771204,,,,,,,,,,,,,,,,,,,,,,,,,
C3N-02422,22.0380299990876,22.5999341400642,25.0136373932637,22.0827019643816,20.5276112146573,,18.8390981362535,,18.1896715319823,17.7166712447663,17.9769343169811,,,,16.3497304550816,,,,,,,,,,,,,,,,,,,,,,,,,,,
C3N-02423,23.0245719365373,23.4473789529363,25.2899590509615,23.3139130989478,21.6519700535497,20.4819952797428,,,,,,16.559719544238,,,,,,,,,,,,,,,,,,,,,,,,,,,,,,
C3N-02424,22.2743514606322,22.6779849471405,,,21.7985260865353,,19.128927504792,,18.9802177199056,17.3120494165969,,15.967686517037,,,,,,,,,,,,,,,,,,,,,,,,,,,,,,
C3N-02433,21.8194386418068,22.3702947386984,23.9878697287173,22.8457312445913,20.658501469981,20.2270406523331,18.6789022318059,22.5742207856483,,,18.0534473964313,,,,,,,,,,,,,,,,,,,,,,,,,,,,,,,
C3N-02529,22.3420252057818,24.1587050050791,25.1929629394714,22.8415787157272,22.9648812468607,,19.1219102155907,,21.1139236456376,17.2459791006522,19.8082131774709,,,,15.9641887882832,,,,,,,,,,,,,,,,,,,,,,,,,,,
C3N-02572,23.4600498127617,23.5948436415662,24.7961391549226,22.989369493674,20.6474008455783,,18.9807797071614,,,,,,,,,,,,,,,,,,,,,,,,,,,,,,,,,,,
C3N-02582,22.5699783515767,24.8460528977676,26.2528474081117,24.0845197943108,22.6356527437346,22.9099586193322,,23.4555412729306,20.532433936782,,20.402230194983,,15.9049273978402,19.3033730119225,,,,14.3201774472908,,,13.408001186734,,,,,,,,,,,,,,,,,,,,,
C3N-02586,22.8791876230807,23.8066824600528,26.0887115857724,23.6002683806353,22.1446698668643,21.1261253976468,19.2479447235042,23.2086123684132,,17.7751945597552,,16.5470087724322,,,16.2823339072841,,,,,,,,,,,,,,,,,,,,,,,,,,,
C3N-02587,22.8767503109937,23.0615418742166,23.7729215817693,22.9396537139248,20.9127581398636,20.2816272922065,,,,,,,,,,,,,,,,,,,,,,,,,,,,,,,,,,,,
C3N-02588,22.5506062383305,22.9466372563892,24.7300783196909,22.2641923427718,20.9705179148336,19.365225743434,,,,17.444156925171,,,,,,,,,,,,,,,,,,,,,,,,,,,,,,,,
C3N-02729,22.2791881611426,23.8094200383377,24.5340561367575,22.3771950442431,22.0047969838707,,,24.3595218895963,20.6944996286441,,,,,,,15.3046758185612,,,,,,,,,,,,,,,,,,,,,,,,,,
C3L-00001.N,,,,,,,,,,,,,,,,,,,,,,22.469850818732,24.555447059432,21.5861838067363,23.1051526524605,20.3284002381084,,22.4115243056164,18.2272823414161,19.1934898122179,,,,,,,,,,,,
C3L-00009.N,,,,,,,,,,,,,,,,,,,,,,22.7859870925577,24.9599725211244,20.8913283635808,22.6537707624873,20.6423993681693,19.6266742538673,21.6874699349477,18.943227094608,18.6670516252117,,16.5528303710757,,,,,,,,,,
C3L-00080.N,,,,,,,,,,,,,,,,,,,,,,21.707245236291,24.0629757461112,20.7741199429277,23.2926757476532,20.214406663394,,,18.4959207739934,,,,,,,,,,,,,
C3L-00083.N,,,,,,,,,,,,,,,,,,,,,,21.9997217939395,23.6878636067436,,22.6450062753006,20.3399908053282,,,,,17.3526188445898,,,,,,,,,,,
C3L-00093.N,,,,,,,,,,,,,,,,,,,,,,22.6729399719973,24.2982213576442,20.4147254530595,21.8100703951038,20.3932584416869,20.3732792257179,,,19.5238186550954,,,17.7156647592615,15.4910895757967,,,,,,,,
C3L-00094.N,,,,,,,,,,,,,,,,,,,,,,22.307001119012,24.1212716836951,19.853544182347,,20.815461951918,,22.7664881937161,,,,,,,,,,,,,,
C3L-00095.N,,,,,,,,,,,,,,,,,,,,,,22.6999453719289,24.359895562631,21.0438266126608,22.4528469354244,20.3945458640776,,,,19.1950931293768,,,,,,,,,,,,
C3L-00140.N,,,,,,,,,,,,,,,,,,,,,,22.5672128455726,25.1505803276303,20.5966152969987,22.2345681801063,20.241266264327,,,17.961018816435,19.0748349897112,17.0323614415371,17.2902785436959,,,,16.4883102042249,,,,,,
C3L-00144.N,,,,,,,,,,,,,,,,,,,,,,21.9834559678396,24.2668820628326,21.5002041171569,,20.5881626311044,,22.2811401207373,,,,,,,,,,,,,,
C3L-00263.N,,,,,,,,,,,,,,,,,,,,,,22.4509389758156,24.1765758241231,19.8863627819872,21.749877200181,20.1363804394416,,21.3464432697387,18.695360253151,,,,,,,,15.9470324809265,,,,,
C3L-00279.N,,,,,,,,,,,,,,,,,,,,,,22.3697340361869,,20.5178057705926,,20.5068971750841,,,18.3509477444261,19.0033032803531,17.6621644837332,,,,17.1229991510144,,,,,,,
C3L-00368.N,,,,,,,,,,,,,,,,,,,,,,21.8124105954218,23.7677437577355,21.094000350384,23.1373688645157,20.7569287249583,,,18.0428778618427,19.285152608582,17.4645105939426,17.4230590707308,,,,16.2057590759484,,,,,,
C3L-00412.N,,,,,,,,,,,,,,,,,,,,,,22.3090080761392,23.9214896336994,21.8632877948444,22.5858469529148,20.7325676083488,19.0946446487344,21.4042954260887,,18.6259260943815,,17.971204015726,,,,,,,,,,
C3L-00422.N,,,,,,,,,,,,,,,,,,,,,,22.0714482161335,23.5105895899645,,22.559691033027,20.0303893040308,,,,,17.8166509152974,,,,,,,,,,,
C3L-00510.N,,,,,,,,,,,,,,,,,,,,,,22.8560090121415,24.6523525009415,20.3957163624439,22.3232468726898,20.2638675358941,20.0201916365924,,,19.079338732936,,,17.440649254351,14.9282803012428,,,,,,,,
C3L-00604.N,,,,,,,,,,,,,,,,,,,,,,22.7176855044476,25.1960462102337,20.5296774900881,22.6916855989072,20.6733422316358,20.6338599789022,22.4590691742154,18.8903685858065,,,17.6311268651705,18.2433000567799,15.279802893316,,,,12.6489579776735,,,11.8281901829503,
C3L-00893.N,,,,,,,,,,,,,,,,,,,,,,22.5427851049416,24.860314489805,20.6710311725258,22.7118339279712,20.9098343258522,19.9900514007592,,,,,,,,,,,,,,,
C3L-00913.N,,,,,,,,,,,,,,,,,,,,,,22.8933189608491,24.3394354342619,,21.9443984405917,20.607170563569,20.85376690717,,,19.5590959587926,,,17.0207860280336,15.7497993025968,,,,,,,,
C3L-00973.N,,,,,,,,,,,,,,,,,,,,,,22.6921682651883,24.6280684836258,19.9484913946133,,,,,,,,,,,,,,,,12.9586616576777,,
C3L-01330.N,,,,,,,,,,,,,,,,,,,,,,22.5951779672269,24.107686779746,20.9228397392425,22.805700816344,19.7032087283915,20.0469556639419,,,19.4414230004883,17.5413343880564,18.3207842231429,,,,17.0871579896939,,,,,,
C3L-01632.N,,,,,,,,,,,,,,,,,,,,,,22.5315779920784,24.7114879057392,20.4658557647614,22.9607979679407,,,,19.0090472434425,,18.3427548076828,,,15.4304801642183,16.198558846321,,,,,,,
C3L-01682.N,,,,,,,,,,,,,,,,,,,,,,22.1123913722311,24.524091649444,21.0626610664987,22.1640026072582,19.780004405198,,,,,,,18.0312595746485,14.6867002639734,,,,,,,,
C3L-01683.N,,,,,,,,,,,,,,,,,,,,,,21.6154841260257,24.1712118735057,21.3119041534081,21.7447488267483,,,22.2134000329163,,,,,,,,,,,,,,
C3L-01889.N,,,,,,,,,,,,,,,,,,,,,,22.3186470137979,24.3789353946717,20.4885378363691,22.9108839937888,20.5389665126054,19.7888417337655,,,,17.842771420035,,,,,,,,,,,
C3L-01890.N,,,,,,,,,,,,,,,,,,,,,,22.511098132669,24.3877900988368,22.3999898169621,22.7698413994149,20.566267041241,20.6126975263032,,,,,,,,16.493380463986,,,,,,,
C3L-01924.N,,,,,,,,,,,,,,,,,,,,,,21.9902525917309,24.194923170398,20.4501752935464,22.5129504291169,,,21.711994526846,,,,,,,,,,,,,,
C3L-02219.N,,,,,,,,,,,,,,,,,,,,,,22.2290259056851,24.6254059604921,20.1699078196715,22.3404224057259,20.588976069778,19.7268638228835,22.7181240042441,,19.4913825932285,16.4147359828361,,,,16.8920361302797,15.5954969309952,,,,,,
C3L-02345.N,,,,,,,,,,,,,,,,,,,,,,22.5107541535447,24.5343431813694,20.5530513873231,23.2369671926738,20.0006498647693,19.297943897153,,,19.3673969290296,,,17.3014438628786,14.9240737624335,,,,,,,,
C3L-02348.N,,,,,,,,,,,,,,,,,,,,,,22.2638701523179,24.0631920769789,20.9593173197758,,,,,,,,,,,,,,,,13.0265633533204,,
C3L-02350.N,,,,,,,,,,,,,,,,,,,,,,22.4784338937547,23.047401644118,21.3123355194602,22.0508619474847,20.205375981307,18.2894321935802,,,,,17.3199706428715,17.0229655753792,,,,,,,,,
C3L-02365.N,,,,,,,,,,,,,,,,,,,,,,23.0684364955918,24.7907125310059,22.1558906751466,23.061410053981,20.0572620912806,20.2055195139375,22.5509289344955,,,17.5157542662798,18.3678711603755,,,,,,,12.1456913714847,,,
C3L-02508.N,,,,,,,,,,,,,,,,,,,,,,22.7710604724475,25.8323277009766,20.1864430781748,,,,,,,,,,,,,,,,12.5166284637481,,
C3L-02549.N,,,,,,,,,,,,,,,,,,,,,,22.8520220764269,25.1979960519476,21.2590728997216,22.853804873145,20.0455020363207,20.0625392965766,22.3165576396008,,,17.6092204660456,17.5555994001324,,,,,,,11.8520643770042,,,
C3N-00167.N,,,,,,,,,,,,,,,,,,,,,,22.0936148296905,24.4200587306874,,23.1733447753604,,,21.960864991764,18.5838430482068,19.0969679324485,,,,,,,,,,,,
C3N-00169.N,,,,,,,,,,,,,,,,,,,,,,21.9264813620584,23.5446034334608,,22.1580947330481,19.8553824624799,,,,,17.8308389060457,,,,,,,,,,,
C3N-00175.N,,,,,,,,,,,,,,,,,,,,,,23.33248769303,25.443364871592,21.3800792158448,22.9633615677908,20.0105884271913,19.631905592769,20.9298208160304,,,16.8533779443282,17.6355954446073,,,,,,,12.2033152139445,,,
C3N-00180.N,,,,,,,,,,,,,,,,,,,,,,22.3973623793072,24.6321099008296,21.2461000024945,22.4962617082864,20.5482839617447,20.5388164454007,21.623698258382,,18.9650577104085,17.0329728658981,,,,16.8523224827509,16.2316300428837,,,,,,
C3N-00199.N,,,,,,,,,,,,,,,,,,,,,,22.1736034643713,24.6189921708173,21.4601659387222,22.5914705005109,20.0892582052,20.1161810225517,22.2265945612527,19.3613091612686,,,17.264347441012,17.9235232126335,15.7364859058207,,,,13.1003487695872,,,12.8601773850443,
C3N-00203.N,,,,,,,,,,,,,,,,,,,,,,22.3959694910308,24.3419011710126,21.2126548952191,23.2167733246368,21.370601731034,19.9325053743005,,,18.9862150754636,17.6703961652409,18.0864136512396,,,,16.5164358999019,,,,,,
C3N-00217.N,,,,,,,,,,,,,,,,,,,,,,22.7979808463585,24.8936297812332,20.1205298685071,22.2399812860183,,,,19.5572335831056,,17.5617862847626,,,15.3676064832918,16.9470613315677,,,,,,,
C3N-00223.N,,,,,,,,,,,,,,,,,,,,,,21.7978254597049,24.3526348979111,20.3520340326892,,20.6793143851302,,22.5796335580612,,,,,,,,,,,,,,
C3N-00293.N,,,,,,,,,,,,,,,,,,,,,,22.1498446551693,24.8735392739583,20.3409697025419,,,,22.3611616717119,,,,,,,,,,,,,,
C3N-00433.N,,,,,,,,,,,,,,,,,,,,,,22.5768419310546,24.4960714366255,20.4428269316484,22.2156892421508,,,21.6017377201232,,,,,,,,,,,,,,
C3N-00546.N,,,,,,,,,,,,,,,,,,,,,,22.8624220968758,24.8480678277903,20.2980373960458,22.8615137192071,20.8713436106522,19.6341322635053,22.2465655271549,19.0909138561147,18.4532347422707,,17.5678096926072,,,,,,,,,,
C3N-00547.N,,,,,,,,,,,,,,,,,,,,,,22.2197080537865,23.3556403046485,20.0971380055734,23.5417344792498,20.0425855202244,,,17.5820638650103,,,,,,,,,,,,,
C3N-00549.N,,,,,,,,,,,,,,,,,,,,,,22.6997241211004,24.3725381556852,21.1345034474359,22.1747713835718,20.3917098943048,20.5731393333828,21.6191777836825,,18.8815490257283,,17.4156722972217,,,,,,,,,,
C3N-00550.N,,,,,,,,,,,,,,,,,,,,,,22.6197570767634,24.4375057264571,20.5068880256516,22.6926050816897,19.8825849958566,,22.3217828258123,18.4446468437134,19.1325179424562,,,,,,,,,,,,
C3N-00551.N,,,,,,,,,,,,,,,,,,,,,,22.4218888644859,24.3726913897065,,22.8306857368562,20.1818492267407,,,,,17.7443265253938,,,,,,,,,,,
C3N-00552.N,,,,,,,,,,,,,,,,,,,,,,22.430470783249,24.4217079929056,19.6458554081701,22.236916888178,20.2600121148832,20.2930497841855,,,,17.6300202362307,,,,,,,,,,,
C3N-00556.N,,,,,,,,,,,,,,,,,,,,,,22.8399511093727,24.7020865718347,21.3766318775069,23.999146162023,19.6877891869872,,23.414460530245,18.4256154714471,19.6883863221679,,17.7431913487179,,,,,,,,,,10.264839335257
C3N-00559.N,,,,,,,,,,,,,,,,,,,,,,22.2610980286271,24.359557045462,20.574640961269,22.4820724833728,20.4274379460418,,,,19.701412229767,,,,,,,,,,,,
C3N-00560.N,,,,,,,,,,,,,,,,,,,,,,22.4384350358637,24.3304035222561,20.6125236637706,,,,,,,,,,,,,,,,13.122930144338,,
C3N-00572.N,,,,,,,,,,,,,,,,,,,,,,22.3348156600936,24.3353331813078,22.1795922384237,22.7545897244482,20.7104408060877,21.0603116381797,,,,,,,,16.4283965744446,,,,,,,
C3N-00574.N,,,,,,,,,,,,,,,,,,,,,,23.0299545086926,24.7103820711585,21.4692331931234,23.4274074508012,21.4243963586464,19.7506752798941,,,19.0781574502307,17.8569461328888,17.5872365357205,,,,16.7863087814663,,,,,,
C3N-00578.N,,,,,,,,,,,,,,,,,,,,,,22.6640123232774,24.488134062621,21.0387358725015,22.3172973007275,20.0311320454183,,21.8907118813891,18.7266435581627,,,,,,,,15.4666634434734,,,,,
C3N-00579.N,,,,,,,,,,,,,,,,,,,,,,21.9879640293433,24.2425200290381,21.7256190624893,22.7696534242982,19.9661149763147,20.4084325704898,22.607258742553,19.21606896076,,,17.6866279877531,18.2107308601293,15.3568712210341,,,,12.1011927537996,,,12.6752511917185,
C3N-00580.N,,,,,,,,,,,,,,,,,,,,,,22.3088199454335,23.8918496702473,20.8446268559735,22.4834358877707,19.6628983231607,,,,,,,17.7059535284165,13.9673024680014,,,,,,,,
C3N-00704.N,,,,,,,,,,,,,,,,,,,,,,22.8558305091019,25.4138876617432,21.1241039015611,24.0215131527281,21.1336980072421,,22.7142018835151,19.1508241957678,19.1451978997547,18.5298424811137,17.8735875595091,,,,,,,,,,10.7843341449063
C3N-00737.N,,,,,,,,,,,,,,,,,,,,,,22.2875324924502,24.2418755256214,21.2161212455406,23.2421325665214,,,,18.419477459015,,,,,,,,15.4504802341369,,,,,
C3N-00738.N,,,,,,,,,,,,,,,,,,,,,,22.8071653704854,24.2585890390273,21.4604907942178,22.8352935917234,20.179046599068,19.5359238037615,,,,,17.6834873940526,18.1956906598095,,,,,,,,,
C3N-00959.N,,,,,,,,,,,,,,,,,,,,,,22.8807377004991,24.4260310765209,20.1215026215331,23.1712343504263,20.4975946078965,19.9939824075205,,,,,17.6269043671779,17.7180710035464,,,,,,,,,
C3N-01016.N,,,,,,,,,,,,,,,,,,,,,,21.9293893185846,23.9216097389295,20.8717563446073,22.183279943816,20.1072292673941,,,,,,,17.2760803873035,14.5804991498687,,,,,,,,
C3N-01021.N,,,,,,,,,,,,,,,,,,,,,,22.7276089090695,23.8088797723412,21.1466020704125,22.9156795249325,19.7315451779549,19.6478205905601,,,18.9822711271184,17.5762170786669,17.5237394098533,,,,16.5607673586975,,,,,,
C3N-01023.N,,,,,,,,,,,,,,,,,,,,,,22.1353117039001,23.9884392596498,20.9910227998335,23.2251794298593,19.9005935434122,,,17.7411370684804,,,,,,,,,,,,,
C3N-01024.N,,,,,,,,,,,,,,,,,,,,,,21.9018174208035,24.4768816116304,20.1966705085397,23.0722227407575,20.2483777890784,,,18.5504674451092,,,,,,,,,,,,,
C3N-01030.N,,,,,,,,,,,,,,,,,,,,,,22.3210815265241,24.6397453261397,20.4592074363333,22.4625387253899,20.7230793193245,20.1902633576283,,,,17.9479234577263,,,,,,,,,,,
C3N-01071.N,,,,,,,,,,,,,,,,,,,,,,23.1627647701433,24.4795717961217,20.9142532085431,23.097953409112,19.8617759467418,,21.9586669447246,18.3590239090169,19.3788726417434,,,,,,,,,,,,
C3N-01072.N,,,,,,,,,,,,,,,,,,,,,,22.8955024335242,24.4271932953471,20.4115557009546,,19.9200373633162,,22.4520038125149,,,,,,,,,,,,,,
C3N-01405.N,,,,,,,,,,,,,,,,,,,,,,22.2238180130351,23.7467598523062,22.7641738141624,22.7970141070404,,,,18.935919120144,,,,,,,,15.50595238714,,,,,
C3N-01410.N,,,,,,,,,,,,,,,,,,,,,,22.5634865126026,24.7444806293418,20.4323725142861,22.6682353861385,19.9168786996264,,20.5053916663046,18.5084950209496,,,,,,,,15.8852151536743,,,,,
C3N-01413.N,,,,,,,,,,,,,,,,,,,,,,22.9922434416343,24.6598045530176,21.1922496772326,22.7977745047349,20.3529554943699,20.1621544782573,,,,,,,,,,,,,,,
C3N-01414.N,,,,,,,,,,,,,,,,,,,,,,22.5896328744839,24.9977014283383,19.7103873510328,23.2642589393193,20.0026493869418,19.7051183310381,22.1097688535512,18.8998931446981,18.9227889561392,,16.9742492306172,,,,,,,,,,
C3N-01415.N,,,,,,,,,,,,,,,,,,,,,,22.8704164689498,24.4019132222037,20.6955952788835,21.7522950423846,20.4121705206316,20.3536680695958,21.6883848551866,,18.9393217787104,,17.8297712323149,,,,,,,,,,
C3N-01416.N,,,,,,,,,,,,,,,,,,,,,,22.7257168838705,,20.501474274541,,20.3082560503685,,,18.5527696294692,18.9747930642979,17.1944714365324,,,,16.9992098858631,,,,,,,
C3N-01488.N,,,,,,,,,,,,,,,,,,,,,,22.4731780972791,25.3370596278326,20.5710004050632,22.9281135098228,20.5354055079198,20.7643159955527,,,,,,,,,,,,,,,
C3N-01489.N,,,,,,,,,,,,,,,,,,,,,,22.1209826138856,24.2773662751167,21.4050646707923,22.532451374388,,,,18.6239223399059,,,,,,,,15.6148414847611,,,,,
C3N-01799.N,,,,,,,,,,,,,,,,,,,,,,22.2909278515973,24.1713946036769,21.3671142115102,22.4974465015579,20.6557394217703,20.495867914122,,,,,,,,16.2651632455382,,,,,,,
C3N-01823.N,,,,,,,,,,,,,,,,,,,,,,22.522161688485,25.3505155464162,21.3723117356682,23.1650039972461,20.5661030992874,20.1223043342347,21.9859511099301,,,17.6380318511124,17.8927385266664,,,,,,,12.0168037211357,,,
C3N-02000.N,,,,,,,,,,,,,,,,,,,,,,22.2027081681473,24.4498590819282,19.7190888343237,22.501231455846,,,,18.8405818201097,,,,,,,,15.5245506987829,,,,,
C3N-02002.N,,,,,,,,,,,,,,,,,,,,,,22.1800429503657,25.1016474937412,19.8190822534828,23.4729088937389,,,,19.2773703067221,,18.0894503231512,,,15.1783638962183,16.3881777907355,,,,,,,
C3N-02003.N,,,,,,,,,,,,,,,,,,,,,,22.1782464727169,23.9017282786704,20.5544859174854,22.7037167147172,19.9298309490807,19.3022984816535,,,,,17.2174862263271,18.4384539538176,,,,,,,,,
C3N-02067.N,,,,,,,,,,,,,,,,,,,,,,21.9208023762733,23.9399992855011,21.2875392259707,23.166951123805,20.3965399220405,,,18.1947390744944,19.2831852863452,17.1903472974422,17.855621307407,,,,16.3254434786916,,,,,,
C3N-02087.N,,,,,,,,,,,,,,,,,,,,,,22.7554507336715,24.6644593238725,20.8993503136447,22.512009281734,20.4032302157251,19.9993810895719,21.2986317569418,18.8518046655026,18.6502144503714,,17.2191074588919,,,,,,,,,,
C3N-02089.N,,,,,,,,,,,,,,,,,,,,,,22.1553718187896,23.9914991902724,21.5978239388774,21.6122488647457,19.4855728717532,,,,,,,17.2195099511577,14.6783435756175,,,,,,,,
C3N-02145.N,,,,,,,,,,,,,,,,,,,,,,22.3432674729101,24.2790169989601,21.9211899350487,22.0434808560488,20.0691254781637,20.1977480933682,20.9092638878921,,19.3355877327241,17.291992957263,,,,17.0037792794388,16.0970307575511,,,,,,
C3N-02149.N,,,,,,,,,,,,,,,,,,,,,,22.8524386769584,,20.8638324084579,,20.1252033527294,,,18.4174548029585,19.2557614388442,17.7668530181632,,,,17.0798399752256,,,,,,,
C3N-02155.N,,,,,,,,,,,,,,,,,,,,,,22.9281517428554,25.0390971854177,21.408107255376,22.9454615625748,,,,19.4847971642841,,17.8947835947149,,,15.0383458476609,16.5216574874144,,,,,,,
C3N-02158.N,,,,,,,,,,,,,,,,,,,,,,23.1137137691847,24.8613996051897,21.4565493633298,24.1534763726244,20.2050198683685,,23.0267079050402,18.579623473827095,19.3264413633387,17.7585458945985,17.8943145206682,,,,,,,,,,10.6979124335979
C3N-02379.N,,,,,,,,,,,,,,,,,,,,,,22.6320753261513,24.5148470516897,20.1630017582817,22.2259712088738,20.3021042518122,19.5775858938116,,,,,17.5923102799153,17.6779499663105,,,,,,,,,
C3N-02380.N,,,,,,,,,,,,,,,,,,,,,,21.5000164635191,23.6446005431425,19.837891808637,22.6425474617305,,,22.7942866480838,,,,,,,,,,,,,,
C3N-02421.N,,,,,,,,,,,,,,,,,,,,,,22.5068669931512,24.321979776281,21.0431497059964,23.6082093754741,20.2639782401083,,22.6961669138731,19.201457971385,18.924324982456,18.0092660040616,17.3898112089121,,,,,,,,,,10.7678084333915
C3N-02423.N,,,,,,,,,,,,,,,,,,,,,,22.7153800291033,24.9280800845458,20.9159110153232,23.040252006811,20.2404445079105,21.2938242061304,,,,,,,,16.8320907123052,,,,,,,
C3N-02424.N,,,,,,,,,,,,,,,,,,,,,,22.2151689623995,,19.9040147287999,,20.7031286891569,,,18.7425888792658,19.0385290752618,17.5586776965464,,,,16.4146481416189,,,,,,,
C3N-02433.N,,,,,,,,,,,,,,,,,,,,,,22.4901728110331,24.7317623861647,20.9055208520877,,20.7679737046969,20.7540592831373,22.7236385378168,,19.0890706913151,,17.3778808097803,,,,,,,,,,
C3N-02529.N,,,,,,,,,,,,,,,,,,,,,,22.383965091817,24.9368962177256,20.57187281676,23.5713448724935,20.5169968349629,,,18.1527361753539,19.200763313714,17.3946522304361,17.6724931756524,,,,16.9225942621304,,,,,,
C3N-02572.N,,,,,,,,,,,,,,,,,,,,,,22.5887211331292,24.118738137975,21.444499245421,22.6706405946607,20.3854909659471,,,,19.3346736938608,,,,,,,,,,,,
C3N-02582.N,,,,,,,,,,,,,,,,,,,,,,21.8348676712713,24.2541476157314,20.7208021519971,22.2142447123319,20.1841054490856,19.9183606333432,22.7212187726662,19.123044192761,,,17.3933486499591,18.130953647419,15.5767277730077,,,,12.2913875532134,,,12.8166009366407,
C3N-02586.N,,,,,,,,,,,,,,,,,,,,,,22.2988019250354,24.6890266336616,21.0920966411303,22.4686194921455,20.8330916471615,20.3963790750456,21.8682194363308,,19.3002394313988,17.8745803816681,,,,16.5968041974574,15.6192706887557,,,,,,
C3N-02587.N,,,,,,,,,,,,,,,,,,,,,,22.0728560791067,25.0026463252579,20.2199209112353,23.0410723573441,21.1416306687993,20.389826130273,,,,,,,,,,,,,,,
C3N-02588.N,,,,,,,,,,,,,,,,,,,,,,22.1666015543299,24.3684807576656,20.6297514654797,23.0117251622,20.4820402305004,19.8224029831504,,,,17.7923161507844,,,,,,,,,,,
C3N-02729.N,,,,,,,,,,,,,,,,,,,,,,22.4375896518949,24.1456288904399,19.8357896548429,21.6382018506109,20.5356234644384,,22.056749531119905,18.3543338291727,,,,,,,,15.6537111773257,,,,,
