patient_id,cohort,batch_domain,EGFR_binding_site,EGFR_phospho_value
C3L-00001,CPTAC,CPTAC,S991,23.4232198955577
C3L-00009,CPTAC,CPTAC,S991,22.7500156139243
C3L-00080,CPTAC,CPTAC,S991,21.8504186093133
C3L-00083,CPTAC,CPTAC,S991,21.9161263705187
C3L-00093,CPTAC,CPTAC,S991,22.4274141868437
C3L-00094,CPTAC,CPTAC,S991,21.8456636871627
C3L-00095,CPTAC,CPTAC,S991,22.0567701749543
C3L-00140,CPTAC,CPTAC,S991,22.5018659436381
C3L-00144,CPTAC,CPTAC,S991,21.7945423551217
C3L-00263,CPTAC,CPTAC,S991,22.555752090244
C3L-00279,CPTAC,CPTAC,S991,22.127653895323
C3L-00368,CPTAC,CPTAC,S991,22.4871044665789
C3L-00412,CPTAC,CPTAC,S991,22.4749729862049
C3L-00422,CPTAC,CPTAC,S991,22.4431882924253
C3L-00510,CPTAC,CPTAC,S991,22.5111563952341
C3L-00604,CPTAC,CPTAC,S991,22.8223359773773
C3L-00893,CPTAC,CPTAC,S991,22.2891131422569
C3L-00913,CPTAC,CPTAC,S991,22.5462327672512
C3L-00973,CPTAC,CPTAC,S991,21.9176876010772
C3L-01330,CPTAC,CPTAC,S991,21.8199128110537
C3L-01632,CPTAC,CPTAC,S991,22.3426702008448
C3L-01682,CPTAC,CPTAC,S991,22.3907330568987
C3L-01683,CPTAC,CPTAC,S991,21.5940574382881
C3L-01862,CPTAC,CPTAC,S991,22.5685252040707
C3L-01889,CPTAC,CPTAC,S991,22.2757868253623
C3L-01890,CPTAC,CPTAC,S991,22.4570045900383
C3L-01924,CPTAC,CPTAC,S991,21.7395495739888
C3L-02219,CPTAC,CPTAC,S991,22.9038657833472
C3L-02345,CPTAC,CPTAC,S991,22.5624360148404
C3L-02348,CPTAC,CPTAC,S991,22.1417643317248
C3L-02350,CPTAC,CPTAC,S991,22.3808007876504
C3L-02365,CPTAC,CPTAC,S991,22.4773015435222
C3L-02508,CPTAC,CPTAC,S991,21.7145310991909
C3L-02549,CPTAC,CPTAC,S991,22.8284589724493
C3N-00167,CPTAC,CPTAC,S991,22.0067030202489
C3N-00169,CPTAC,CPTAC,S991,23.445208490598
C3N-00175,CPTAC,CPTAC,S991,23.0082120156554
C3N-00180,CPTAC,CPTAC,S991,22.6487052387635
C3N-00199,CPTAC,CPTAC,S991,22.6105688348139
C3N-00203,CPTAC,CPTAC,S991,22.6762887392911
C3N-00217,CPTAC,CPTAC,S991,22.7419618536859
C3N-00223,CPTAC,CPTAC,S991,21.9539609134859
C3N-00293,CPTAC,CPTAC,S991,22.1683384354143
C3N-00294,CPTAC,CPTAC,S991,22.4833872739219
C3N-00433,CPTAC,CPTAC,S991,21.5578284538258
C3N-00546,CPTAC,CPTAC,S991,23.3879195675553
C3N-00547,CPTAC,CPTAC,S991,22.3094786974654
C3N-00549,CPTAC,CPTAC,S991,22.2707665709959
C3N-00550,CPTAC,CPTAC,S991,22.4216739152259
C3N-00551,CPTAC,CPTAC,S991,22.3011292856393
C3N-00552,CPTAC,CPTAC,S991,23.0289483801689
C3N-00556,CPTAC,CPTAC,S991,22.539240434307
C3N-00559,CPTAC,CPTAC,S991,22.3546582035917
C3N-00560,CPTAC,CPTAC,S991,22.140174021099
C3N-00572,CPTAC,CPTAC,S991,22.5453018541855
C3N-00574,CPTAC,CPTAC,S991,23.7633993060644
C3N-00578,CPTAC,CPTAC,S991,23.3574439624746
C3N-00579,CPTAC,CPTAC,S991,22.6136048407851
C3N-00580,CPTAC,CPTAC,S991,22.2549997032906
C3N-00704,CPTAC,CPTAC,S991,22.4695016104903
C3N-00737,CPTAC,CPTAC,S991,22.3070555444281
C3N-00738,CPTAC,CPTAC,S991,22.7964248660349
C3N-00959,CPTAC,CPTAC,S991,22.8440645129337
C3N-01016,CPTAC,CPTAC,S991,22.1954550509578
C3N-01021,CPTAC,CPTAC,S991,21.6537213142166
C3N-01023,CPTAC,CPTAC,S991,22.214684540835
C3N-01024,CPTAC,CPTAC,S991,22.0347954345365
C3N-01030,CPTAC,CPTAC,S991,22.6077910186176
C3N-01071,CPTAC,CPTAC,S991,21.9210258713989
C3N-01072,CPTAC,CPTAC,S991,21.727868942115
C3N-01074,CPTAC,CPTAC,S991,22.4341658850882
C3N-01405,CPTAC,CPTAC,S991,22.8492329944013
C3N-01410,CPTAC,CPTAC,S991,22.6872858070278
C3N-01413,CPTAC,CPTAC,S991,22.5313664740118
C3N-01414,CPTAC,CPTAC,S991,22.6239899788881
C3N-01415,CPTAC,CPTAC,S991,22.7477754461342
C3N-01416,CPTAC,CPTAC,S991,22.8412268974022
C3N-01488,CPTAC,CPTAC,S991,22.4053821274986
C3N-01489,CPTAC,CPTAC,S991,22.3810323740133
C3N-01799,CPTAC,CPTAC,S991,22.1884296640076
C3N-01823,CPTAC,CPTAC,S991,22.4880398158067
C3N-01842,CPTAC,CPTAC,S991,22.5697028966191
C3N-02000,CPTAC,CPTAC,S991,22.3402560214614
C3N-02002,CPTAC,CPTAC,S991,22.302986045421
C3N-02003,CPTAC,CPTAC,S991,22.8325367464205
C3N-02067,CPTAC,CPTAC,S991,22.4288649515799
C3N-02087,CPTAC,CPTAC,S991,22.2966306728677
C3N-02089,CPTAC,CPTAC,S991,22.6121596999651
C3N-02145,CPTAC,CPTAC,S991,23.1108149701457
C3N-02149,CPTAC,CPTAC,S991,22.3123381672318
C3N-02155,CPTAC,CPTAC,S991,24.0280461066818
C3N-02158,CPTAC,CPTAC,S991,22.3764968603727
C3N-02379,CPTAC,CPTAC,S991,22.7231049313828
C3N-02380,CPTAC,CPTAC,S991,21.8413189704133
C3N-02421,CPTAC,CPTAC,S991,23.3913460214515
C3N-02422,CPTAC,CPTAC,S991,22.0380299990876
C3N-02423,CPTAC,CPTAC,S991,23.0245719365373
C3N-02424,CPTAC,CPTAC,S991,22.2743514606322
C3N-02433,CPTAC,CPTAC,S991,21.8194386418068
C3N-02529,CPTAC,CPTAC,S991,22.3420252057818
C3N-02572,CPTAC,CPTAC,S991,23.4600498127617
C3N-02582,CPTAC,CPTAC,S991,22.5699783515767
C3N-02586,CPTAC,CPTAC,S991,22.8791876230807
C3N-02587,CPTAC,CPTAC,S991,22.8767503109937
C3N-02588,CPTAC,CPTAC,S991,22.5506062383305
C3N-02729,CPTAC,CPTAC,S991,22.2791881611426
C3L-00001,CPTAC,CPTAC,S1064,26.7168829898573
C3L-00009,CPTAC,CPTAC,S1064,22.5589166450039
C3L-00080,CPTAC,CPTAC,S1064,21.6323609395777
C3L-00093,CPTAC,CPTAC,S1064,20.9861287337543
C3L-00094,CPTAC,CPTAC,S1064,20.8053500450305
C3L-00095,CPTAC,CPTAC,S1064,21.288382720422
C3L-00140,CPTAC,CPTAC,S1064,21.3703347513937
C3L-00144,CPTAC,CPTAC,S1064,21.8287425366187
C3L-00263,CPTAC,CPTAC,S1064,21.785549603862
C3L-00279,CPTAC,CPTAC,S1064,22.9438735428439
C3L-00368,CPTAC,CPTAC,S1064,23.0449730956035
C3L-00412,CPTAC,CPTAC,S1064,21.576863404779
C3L-00510,CPTAC,CPTAC,S1064,22.4027231898171
C3L-00604,CPTAC,CPTAC,S1064,22.1823486800684
C3L-00893,CPTAC,CPTAC,S1064,21.7773965070339
C3L-00913,CPTAC,CPTAC,S1064,21.5453026061177
C3L-00973,CPTAC,CPTAC,S1064,21.9601381548541
C3L-01330,CPTAC,CPTAC,S1064,21.8605768912366
C3L-01632,CPTAC,CPTAC,S1064,20.9030517298294
C3L-01682,CPTAC,CPTAC,S1064,22.3383271622331
C3L-01683,CPTAC,CPTAC,S1064,21.0601182964242
C3L-01862,CPTAC,CPTAC,S1064,21.197399820493
C3L-01889,CPTAC,CPTAC,S1064,21.2647634156725
C3L-01890,CPTAC,CPTAC,S1064,20.706925828959
C3L-01924,CPTAC,CPTAC,S1064,22.4894168893558
C3L-02219,CPTAC,CPTAC,S1064,24.3060792674216
C3L-02345,CPTAC,CPTAC,S1064,20.4582538690064
C3L-02348,CPTAC,CPTAC,S1064,22.7558615718366
C3L-02350,CPTAC,CPTAC,S1064,21.0577121694684
C3L-02365,CPTAC,CPTAC,S1064,22.5707925449222
C3L-02508,CPTAC,CPTAC,S1064,21.0398304735254
C3L-02549,CPTAC,CPTAC,S1064,21.9902992236162
C3N-00167,CPTAC,CPTAC,S1064,23.7679294391852
C3N-00175,CPTAC,CPTAC,S1064,23.7919684189538
C3N-00180,CPTAC,CPTAC,S1064,22.4688733411148
C3N-00199,CPTAC,CPTAC,S1064,23.8945376781356
C3N-00203,CPTAC,CPTAC,S1064,22.3301779278066
C3N-00217,CPTAC,CPTAC,S1064,21.3217224040783
C3N-00223,CPTAC,CPTAC,S1064,21.9017633381509
C3N-00293,CPTAC,CPTAC,S1064,21.1827170588177
C3N-00294,CPTAC,CPTAC,S1064,24.155150893768
C3N-00433,CPTAC,CPTAC,S1064,22.2088527131159
C3N-00546,CPTAC,CPTAC,S1064,24.0042380886659
C3N-00547,CPTAC,CPTAC,S1064,20.8108106301822
C3N-00549,CPTAC,CPTAC,S1064,21.1264088443297
C3N-00550,CPTAC,CPTAC,S1064,22.3409468498909
C3N-00552,CPTAC,CPTAC,S1064,22.9018298017396
C3N-00556,CPTAC,CPTAC,S1064,23.7209728867538
C3N-00559,CPTAC,CPTAC,S1064,24.4992432688626
C3N-00560,CPTAC,CPTAC,S1064,19.9719891167284
C3N-00572,CPTAC,CPTAC,S1064,22.7873208564811
C3N-00574,CPTAC,CPTAC,S1064,24.0577796237564
C3N-00578,CPTAC,CPTAC,S1064,23.5456839910915
C3N-00579,CPTAC,CPTAC,S1064,22.9400556091836
C3N-00580,CPTAC,CPTAC,S1064,22.241164583279
C3N-00704,CPTAC,CPTAC,S1064,23.1492959419365
C3N-00737,CPTAC,CPTAC,S1064,21.1185292271337
C3N-00738,CPTAC,CPTAC,S1064,21.1748862466583
C3N-00959,CPTAC,CPTAC,S1064,21.2296545346348
C3N-01016,CPTAC,CPTAC,S1064,20.3101449198725
C3N-01021,CPTAC,CPTAC,S1064,23.3540483774326
C3N-01023,CPTAC,CPTAC,S1064,19.5245785333342
C3N-01024,CPTAC,CPTAC,S1064,21.4506937935553
C3N-01030,CPTAC,CPTAC,S1064,21.6248682463866
C3N-01071,CPTAC,CPTAC,S1064,20.4586785888725
C3N-01072,CPTAC,CPTAC,S1064,21.1159068729453
C3N-01074,CPTAC,CPTAC,S1064,22.4713507717517
C3N-01405,CPTAC,CPTAC,S1064,20.7221423381361
C3N-01410,CPTAC,CPTAC,S1064,20.7607093420606
C3N-01413,CPTAC,CPTAC,S1064,22.3822103373977
C3N-01414,CPTAC,CPTAC,S1064,20.6809922599972
C3N-01415,CPTAC,CPTAC,S1064,24.5462823745954
C3N-01416,CPTAC,CPTAC,S1064,22.8471155249648
C3N-01488,CPTAC,CPTAC,S1064,21.4127236483869
C3N-01489,CPTAC,CPTAC,S1064,22.7124310776761
C3N-01799,CPTAC,CPTAC,S1064,21.4492443174849
C3N-01823,CPTAC,CPTAC,S1064,22.331806543272
C3N-02000,CPTAC,CPTAC,S1064,24.2051740669292
C3N-02002,CPTAC,CPTAC,S1064,21.4654385322502
C3N-02003,CPTAC,CPTAC,S1064,22.136195552058
C3N-02067,CPTAC,CPTAC,S1064,24.2091774710864
C3N-02087,CPTAC,CPTAC,S1064,22.9649057943481
C3N-02089,CPTAC,CPTAC,S1064,19.6526705386813
C3N-02145,CPTAC,CPTAC,S1064,23.4204414618803
C3N-02149,CPTAC,CPTAC,S1064,20.6691892678011
C3N-02155,CPTAC,CPTAC,S1064,25.4758444390569
C3N-02158,CPTAC,CPTAC,S1064,22.2190147314028
C3N-02379,CPTAC,CPTAC,S1064,24.4823896989791
C3N-02380,CPTAC,CPTAC,S1064,23.0448046371495
C3N-02421,CPTAC,CPTAC,S1064,24.406719085935
C3N-02422,CPTAC,CPTAC,S1064,22.5999341400642
C3N-02423,CPTAC,CPTAC,S1064,23.4473789529363
C3N-02424,CPTAC,CPTAC,S1064,22.6779849471405
C3N-02433,CPTAC,CPTAC,S1064,22.3702947386984
C3N-02529,CPTAC,CPTAC,S1064,24.1587050050791
C3N-02572,CPTAC,CPTAC,S1064,23.5948436415662
C3N-02582,CPTAC,CPTAC,S1064,24.8460528977676
C3N-02586,CPTAC,CPTAC,S1064,23.8066824600528
C3N-02587,CPTAC,CPTAC,S1064,23.0615418742166
C3N-02588,CPTAC,CPTAC,S1064,22.9466372563892
C3N-02729,CPTAC,CPTAC,S1064,23.8094200383377
C3L-00001,CPTAC,CPTAC,T693,25.9753804745753
C3L-00009,CPTAC,CPTAC,T693,24.0018257468906
C3L-00080,CPTAC,CPTAC,T693,23.1853271598181
C3L-00083,CPTAC,CPTAC,T693,22.9156557942792
C3L-00093,CPTAC,CPTAC,T693,23.3730103754911
C3L-00094,CPTAC,CPTAC,T693,23.7590218211159
C3L-00095,CPTAC,CPTAC,T693,23.9704387443254
C3L-00140,CPTAC,CPTAC,T693,23.8717831542285
C3L-00144,CPTAC,CPTAC,T693,23.9584068287434
C3L-00263,CPTAC,CPTAC,T693,23.9484674404201
C3L-00368,CPTAC,CPTAC,T693,24.9447250052097
C3L-00412,CPTAC,CPTAC,T693,23.731519921966
C3L-00422,CPTAC,CPTAC,T693,24.439647006062
C3L-00510,CPTAC,CPTAC,T693,23.6713749714808
C3L-00604,CPTAC,CPTAC,T693,24.399279190877
C3L-00893,CPTAC,CPTAC,T693,24.431461401378
C3L-00913,CPTAC,CPTAC,T693,23.5792273029462
C3L-00973,CPTAC,CPTAC,T693,23.5288461743768
C3L-01330,CPTAC,CPTAC,T693,22.9640013916162
C3L-01632,CPTAC,CPTAC,T693,23.9505670069477
C3L-01682,CPTAC,CPTAC,T693,24.3644154854953
C3L-01683,CPTAC,CPTAC,T693,23.7018077890456
C3L-01862,CPTAC,CPTAC,T693,24.1209742610342
C3L-01889,CPTAC,CPTAC,T693,24.1430145264818
C3L-01890,CPTAC,CPTAC,T693,23.7943767558212
C3L-01924,CPTAC,CPTAC,T693,23.6420563972077
C3L-02219,CPTAC,CPTAC,T693,26.4502449208494
C3L-02345,CPTAC,CPTAC,T693,23.4862700377184
C3L-02348,CPTAC,CPTAC,T693,23.9188288847936
C3L-02350,CPTAC,CPTAC,T693,22.9069921154985
C3L-02365,CPTAC,CPTAC,T693,23.9283585689435
C3L-02508,CPTAC,CPTAC,T693,23.749937851646
C3L-02549,CPTAC,CPTAC,T693,24.5492943922258
C3N-00167,CPTAC,CPTAC,T693,24.6511717179396
C3N-00169,CPTAC,CPTAC,T693,24.9086715719977
C3N-00175,CPTAC,CPTAC,T693,24.4405359213178
C3N-00180,CPTAC,CPTAC,T693,24.5569761289867
C3N-00199,CPTAC,CPTAC,T693,25.0837693524469
C3N-00203,CPTAC,CPTAC,T693,23.4541480288899
C3N-00217,CPTAC,CPTAC,T693,23.6033441875382
C3N-00223,CPTAC,CPTAC,T693,24.1513824278709
C3N-00293,CPTAC,CPTAC,T693,24.1227040063013
C3N-00294,CPTAC,CPTAC,T693,25.4130327547097
C3N-00433,CPTAC,CPTAC,T693,24.104115149851
C3N-00546,CPTAC,CPTAC,T693,25.919395086077
C3N-00547,CPTAC,CPTAC,T693,24.0973263228485
C3N-00549,CPTAC,CPTAC,T693,22.6305414174899
C3N-00550,CPTAC,CPTAC,T693,24.2516858699258
C3N-00551,CPTAC,CPTAC,T693,23.4973857724802
C3N-00552,CPTAC,CPTAC,T693,24.4804091572834
C3N-00556,CPTAC,CPTAC,T693,24.6648580696209
C3N-00559,CPTAC,CPTAC,T693,24.8981412957555
C3N-00560,CPTAC,CPTAC,T693,22.9995998884168
C3N-00572,CPTAC,CPTAC,T693,24.5785425118232
C3N-00574,CPTAC,CPTAC,T693,25.7888378107747
C3N-00578,CPTAC,CPTAC,T693,24.53140139382
C3N-00579,CPTAC,CPTAC,T693,24.6856763628873
C3N-00580,CPTAC,CPTAC,T693,23.6719590137933
C3N-00704,CPTAC,CPTAC,T693,25.812993954244
C3N-00737,CPTAC,CPTAC,T693,23.9815782911191
C3N-00738,CPTAC,CPTAC,T693,23.7221997538245
C3N-00959,CPTAC,CPTAC,T693,24.0555758038973
C3N-01016,CPTAC,CPTAC,T693,23.1314955097154
C3N-01021,CPTAC,CPTAC,T693,24.1419660234133
C3N-01023,CPTAC,CPTAC,T693,23.4142939548894
C3N-01024,CPTAC,CPTAC,T693,23.4644070686848
C3N-01030,CPTAC,CPTAC,T693,24.2439320645886
C3N-01071,CPTAC,CPTAC,T693,24.2561563727551
C3N-01072,CPTAC,CPTAC,T693,24.0491464943597
C3N-01074,CPTAC,CPTAC,T693,24.3439525789139
C3N-01405,CPTAC,CPTAC,T693,25.0117677415699
C3N-01410,CPTAC,CPTAC,T693,24.1493180165505
C3N-01413,CPTAC,CPTAC,T693,23.8751526470316
C3N-01414,CPTAC,CPTAC,T693,24.3536675016164
C3N-01415,CPTAC,CPTAC,T693,25.0636369390818
C3N-01488,CPTAC,CPTAC,T693,23.9019103896561
C3N-01489,CPTAC,CPTAC,T693,24.0741188808353
C3N-01799,CPTAC,CPTAC,T693,23.7888807356136
C3N-01823,CPTAC,CPTAC,T693,23.4570276492097
C3N-01842,CPTAC,CPTAC,T693,23.6812477461745
C3N-02000,CPTAC,CPTAC,T693,24.7555709679828
C3N-02002,CPTAC,CPTAC,T693,24.8428569774288
C3N-02003,CPTAC,CPTAC,T693,23.9942225898687
C3N-02067,CPTAC,CPTAC,T693,24.9645208664339
C3N-02087,CPTAC,CPTAC,T693,24.6276899464327
C3N-02089,CPTAC,CPTAC,T693,22.6680119586025
C3N-02145,CPTAC,CPTAC,T693,24.8742139783581
C3N-02155,CPTAC,CPTAC,T693,25.9865056105123
C3N-02158,CPTAC,CPTAC,T693,23.9579136880273
C3N-02380,CPTAC,CPTAC,T693,24.2470870693154
C3N-02421,CPTAC,CPTAC,T693,25.277127281789
C3N-02422,CPTAC,CPTAC,T693,25.0136373932637
C3N-02423,CPTAC,CPTAC,T693,25.2899590509615
C3N-02433,CPTAC,CPTAC,T693,23.9878697287173
C3N-02529,CPTAC,CPTAC,T693,25.1929629394714
C3N-02572,CPTAC,CPTAC,T693,24.7961391549226
C3N-02582,CPTAC,CPTAC,T693,26.2528474081117
C3N-02586,CPTAC,CPTAC,T693,26.0887115857724
C3N-02587,CPTAC,CPTAC,T693,23.7729215817693
C3N-02588,CPTAC,CPTAC,T693,24.7300783196909
C3N-02729,CPTAC,CPTAC,T693,24.5340561367575
C3L-00001,CPTAC,CPTAC,S1039,25.5761420903897
C3L-00009,CPTAC,CPTAC,S1039,22.6882376497
C3L-00080,CPTAC,CPTAC,S1039,23.004742120067
C3L-00083,CPTAC,CPTAC,S1039,22.8928872347039
C3L-00093,CPTAC,CPTAC,S1039,22.6759984845919
C3L-00095,CPTAC,CPTAC,S1039,22.22530645474
C3L-00140,CPTAC,CPTAC,S1039,22.8276228844559
C3L-00263,CPTAC,CPTAC,S1039,22.8141759801293
C3L-00368,CPTAC,CPTAC,S1039,23.2656923623559
C3L-00412,CPTAC,CPTAC,S1039,22.6954676080883
C3L-00422,CPTAC,CPTAC,S1039,23.1649473181055
C3L-00510,CPTAC,CPTAC,S1039,23.234995147775
C3L-00604,CPTAC,CPTAC,S1039,22.6282099198248
C3L-00893,CPTAC,CPTAC,S1039,23.1050489724937
C3L-00913,CPTAC,CPTAC,S1039,22.8145516556056
C3L-01330,CPTAC,CPTAC,S1039,22.4237654052756
C3L-01632,CPTAC,CPTAC,S1039,22.5547860709185
C3L-01682,CPTAC,CPTAC,S1039,22.3524461631163
C3L-01683,CPTAC,CPTAC,S1039,23.1321010365178
C3L-01862,CPTAC,CPTAC,S1039,22.1147605406085
C3L-01889,CPTAC,CPTAC,S1039,22.3196665217717
C3L-01890,CPTAC,CPTAC,S1039,22.3815544435189
C3L-01924,CPTAC,CPTAC,S1039,22.0880275252914
C3L-02219,CPTAC,CPTAC,S1039,24.5280517868534
C3L-02345,CPTAC,CPTAC,S1039,22.4843503825832
C3L-02350,CPTAC,CPTAC,S1039,22.4948486006388
C3L-02365,CPTAC,CPTAC,S1039,22.7763259488919
C3L-02549,CPTAC,CPTAC,S1039,23.0030341423216
C3N-00167,CPTAC,CPTAC,S1039,23.1652880237278
C3N-00169,CPTAC,CPTAC,S1039,22.7182698502168
C3N-00175,CPTAC,CPTAC,S1039,22.8225839837052
C3N-00180,CPTAC,CPTAC,S1039,22.516141192878
C3N-00199,CPTAC,CPTAC,S1039,23.1061230054386
C3N-00203,CPTAC,CPTAC,S1039,22.57537024717
C3N-00217,CPTAC,CPTAC,S1039,21.6942674234768
C3N-00293,CPTAC,CPTAC,S1039,22.0447063952902
C3N-00294,CPTAC,CPTAC,S1039,24.5125262862285
C3N-00433,CPTAC,CPTAC,S1039,22.6741573026894
C3N-00546,CPTAC,CPTAC,S1039,22.8608483482702
C3N-00547,CPTAC,CPTAC,S1039,22.7250653847646
C3N-00549,CPTAC,CPTAC,S1039,21.5235212351345
C3N-00550,CPTAC,CPTAC,S1039,23.2464029539598
C3N-00551,CPTAC,CPTAC,S1039,22.9665292550655
C3N-00552,CPTAC,CPTAC,S1039,22.7403635791344
C3N-00556,CPTAC,CPTAC,S1039,23.4827344082044
C3N-00559,CPTAC,CPTAC,S1039,23.7264075433124
C3N-00572,CPTAC,CPTAC,S1039,22.6084944713391
C3N-00574,CPTAC,CPTAC,S1039,23.9830438615108
C3N-00578,CPTAC,CPTAC,S1039,22.1512330549289
C3N-00579,CPTAC,CPTAC,S1039,22.5837506196937
C3N-00580,CPTAC,CPTAC,S1039,21.9105077944508
C3N-00704,CPTAC,CPTAC,S1039,24.0007489451942
C3N-00737,CPTAC,CPTAC,S1039,22.2822601587579
C3N-00738,CPTAC,CPTAC,S1039,21.9197712218888
C3N-00959,CPTAC,CPTAC,S1039,22.0125730361815
C3N-01016,CPTAC,CPTAC,S1039,22.0105552058416
C3N-01021,CPTAC,CPTAC,S1039,23.2097989597392
C3N-01023,CPTAC,CPTAC,S1039,23.0828371465012
C3N-01024,CPTAC,CPTAC,S1039,22.8790539829233
C3N-01030,CPTAC,CPTAC,S1039,22.5610533467401
C3N-01071,CPTAC,CPTAC,S1039,22.8504389168029
C3N-01074,CPTAC,CPTAC,S1039,23.282501374735
C3N-01405,CPTAC,CPTAC,S1039,23.0948807498092
C3N-01410,CPTAC,CPTAC,S1039,22.4590153001213
C3N-01413,CPTAC,CPTAC,S1039,22.7238215863775
C3N-01414,CPTAC,CPTAC,S1039,22.9045044250699
C3N-01415,CPTAC,CPTAC,S1039,22.919349156479
C3N-01488,CPTAC,CPTAC,S1039,22.3378223301798
C3N-01489,CPTAC,CPTAC,S1039,22.5453723011296
C3N-01799,CPTAC,CPTAC,S1039,23.8458735600389
C3N-01823,CPTAC,CPTAC,S1039,22.8794355114178
C3N-01842,CPTAC,CPTAC,S1039,22.6281187817575
C3N-02000,CPTAC,CPTAC,S1039,23.466716860457
C3N-02002,CPTAC,CPTAC,S1039,23.1028901436429
C3N-02003,CPTAC,CPTAC,S1039,22.8772563208708
C3N-02067,CPTAC,CPTAC,S1039,22.1746899041585
C3N-02087,CPTAC,CPTAC,S1039,22.7421556777188
C3N-02089,CPTAC,CPTAC,S1039,21.2240415482156
C3N-02145,CPTAC,CPTAC,S1039,22.4926841885414
C3N-02155,CPTAC,CPTAC,S1039,22.6582368968011
C3N-02158,CPTAC,CPTAC,S1039,23.0416340763694
C3N-02421,CPTAC,CPTAC,S1039,24.5537468273379
C3N-02422,CPTAC,CPTAC,S1039,22.0827019643816
C3N-02423,CPTAC,CPTAC,S1039,23.3139130989478
C3N-02433,CPTAC,CPTAC,S1039,22.8457312445913
C3N-02529,CPTAC,CPTAC,S1039,22.8415787157272
C3N-02572,CPTAC,CPTAC,S1039,22.989369493674
C3N-02582,CPTAC,CPTAC,S1039,24.0845197943108
C3N-02586,CPTAC,CPTAC,S1039,23.6002683806353
C3N-02587,CPTAC,CPTAC,S1039,22.9396537139248
C3N-02588,CPTAC,CPTAC,S1039,22.2641923427718
C3N-02729,CPTAC,CPTAC,S1039,22.3771950442431
C3L-00001,CPTAC,CPTAC,Y1197,24.88015906724
C3L-00009,CPTAC,CPTAC,Y1197,20.3898504016114
C3L-00080,CPTAC,CPTAC,Y1197,19.7185857053682
C3L-00083,CPTAC,CPTAC,Y1197,20.152819373663
C3L-00093,CPTAC,CPTAC,Y1197,20.6776982818201
C3L-00094,CPTAC,CPTAC,Y1197,19.6972004674658
C3L-00095,CPTAC,CPTAC,Y1197,19.8740814588373
C3L-00140,CPTAC,CPTAC,Y1197,21.0961491086359
C3L-00144,CPTAC,CPTAC,Y1197,20.3397593911399
C3L-00263,CPTAC,CPTAC,Y1197,20.3739737773021
C3L-00279,CPTAC,CPTAC,Y1197,20.6679575837419
C3L-00368,CPTAC,CPTAC,Y1197,22.680556603013
C3L-00412,CPTAC,CPTAC,Y1197,20.2887548203187
C3L-00422,CPTAC,CPTAC,Y1197,21.3716268826099
C3L-00510,CPTAC,CPTAC,Y1197,21.2338925377438
C3L-00604,CPTAC,CPTAC,Y1197,20.3045772672618
C3L-00893,CPTAC,CPTAC,Y1197,22.1740464780755
C3L-00913,CPTAC,CPTAC,Y1197,20.4737052946319
C3L-01330,CPTAC,CPTAC,Y1197,19.3137980339978
C3L-01682,CPTAC,CPTAC,Y1197,20.3671432394638
C3L-01862,CPTAC,CPTAC,Y1197,19.8951801201694
C3L-01889,CPTAC,CPTAC,Y1197,21.1327023637958
C3L-01890,CPTAC,CPTAC,Y1197,20.3130250714419
C3L-02219,CPTAC,CPTAC,Y1197,23.7708827040033
C3L-02345,CPTAC,CPTAC,Y1197,19.820067857308
C3L-02350,CPTAC,CPTAC,Y1197,20.4473066413894
C3L-02365,CPTAC,CPTAC,Y1197,19.9785803489168
C3L-02549,CPTAC,CPTAC,Y1197,20.4202329922466
C3N-00167,CPTAC,CPTAC,Y1197,21.5209055230703
C3N-00169,CPTAC,CPTAC,Y1197,20.8812337566674
C3N-00175,CPTAC,CPTAC,Y1197,19.9424535189398
C3N-00180,CPTAC,CPTAC,Y1197,20.2059604122975
C3N-00199,CPTAC,CPTAC,Y1197,21.1451545267145
C3N-00203,CPTAC,CPTAC,Y1197,22.0036765237067
C3N-00223,CPTAC,CPTAC,Y1197,21.1199452714979
C3N-00294,CPTAC,CPTAC,Y1197,20.9340378071913
C3N-00546,CPTAC,CPTAC,Y1197,21.6074721846429
C3N-00547,CPTAC,CPTAC,Y1197,20.0047179186011
C3N-00549,CPTAC,CPTAC,Y1197,19.7463770587805
C3N-00550,CPTAC,CPTAC,Y1197,19.662790468434
C3N-00551,CPTAC,CPTAC,Y1197,20.2614724634855
C3N-00552,CPTAC,CPTAC,Y1197,20.8220409020922
C3N-00556,CPTAC,CPTAC,Y1197,20.0029148679356
C3N-00559,CPTAC,CPTAC,Y1197,23.3431572009979
C3N-00572,CPTAC,CPTAC,Y1197,20.9481394474083
C3N-00574,CPTAC,CPTAC,Y1197,23.1948382694604
C3N-00578,CPTAC,CPTAC,Y1197,20.8084339516507
C3N-00579,CPTAC,CPTAC,Y1197,20.4922066443371
C3N-00580,CPTAC,CPTAC,Y1197,20.3467947505886
C3N-00704,CPTAC,CPTAC,Y1197,21.3310135516791
C3N-00738,CPTAC,CPTAC,Y1197,20.7518749255105
C3N-00959,CPTAC,CPTAC,Y1197,20.532721791667
C3N-01016,CPTAC,CPTAC,Y1197,19.6782630159067
C3N-01021,CPTAC,CPTAC,Y1197,20.4611339192745
C3N-01023,CPTAC,CPTAC,Y1197,19.8849011077063
C3N-01024,CPTAC,CPTAC,Y1197,19.888716986427
C3N-01030,CPTAC,CPTAC,Y1197,20.7057571188199
C3N-01071,CPTAC,CPTAC,Y1197,19.2026955609295
C3N-01072,CPTAC,CPTAC,Y1197,19.9214385580489
C3N-01074,CPTAC,CPTAC,Y1197,19.507851216327
C3N-01410,CPTAC,CPTAC,Y1197,19.8423001248362
C3N-01413,CPTAC,CPTAC,Y1197,21.5859010040177
C3N-01414,CPTAC,CPTAC,Y1197,19.5386860652276
C3N-01415,CPTAC,CPTAC,Y1197,22.180519991183
C3N-01416,CPTAC,CPTAC,Y1197,20.7955585255396
C3N-01488,CPTAC,CPTAC,Y1197,20.4687904726846
C3N-01799,CPTAC,CPTAC,Y1197,21.0136345095613
C3N-01823,CPTAC,CPTAC,Y1197,19.8066949800244
C3N-01842,CPTAC,CPTAC,Y1197,20.503488404703
C3N-02003,CPTAC,CPTAC,Y1197,19.8428200965025
C3N-02067,CPTAC,CPTAC,Y1197,21.9912819853305
C3N-02087,CPTAC,CPTAC,Y1197,21.2153646136103
C3N-02089,CPTAC,CPTAC,Y1197,19.5009116822456
C3N-02145,CPTAC,CPTAC,Y1197,20.5838769478598
C3N-02149,CPTAC,CPTAC,Y1197,20.1290968739822
C3N-02158,CPTAC,CPTAC,Y1197,19.9259560585265
C3N-02379,CPTAC,CPTAC,Y1197,23.5279123516939
C3N-02380,CPTAC,CPTAC,Y1197,21.0016429127042
C3N-02421,CPTAC,CPTAC,Y1197,21.6698323930507
C3N-02422,CPTAC,CPTAC,Y1197,20.5276112146573
C3N-02423,CPTAC,CPTAC,Y1197,21.6519700535497
C3N-02424,CPTAC,CPTAC,Y1197,21.7985260865353
C3N-02433,CPTAC,CPTAC,Y1197,20.658501469981
C3N-02529,CPTAC,CPTAC,Y1197,22.9648812468607
C3N-02572,CPTAC,CPTAC,Y1197,20.6474008455783
C3N-02582,CPTAC,CPTAC,Y1197,22.6356527437346
C3N-02586,CPTAC,CPTAC,Y1197,22.1446698668643
C3N-02587,CPTAC,CPTAC,Y1197,20.9127581398636
C3N-02588,CPTAC,CPTAC,Y1197,20.9705179148336
C3N-02729,CPTAC,CPTAC,Y1197,22.0047969838707
C3L-00009,CPTAC,CPTAC,S1071,18.3336273187772
C3L-00093,CPTAC,CPTAC,S1071,18.4678710930064
C3L-00412,CPTAC,CPTAC,S1071,19.8466030844832
C3L-00510,CPTAC,CPTAC,S1071,18.740362676736
C3L-00604,CPTAC,CPTAC,S1071,19.8235775769408
C3L-00893,CPTAC,CPTAC,S1071,19.4021840782576
C3L-00913,CPTAC,CPTAC,S1071,18.4722329512551
C3L-01330,CPTAC,CPTAC,S1071,18.0938704600591
C3L-01862,CPTAC,CPTAC,S1071,19.8607603477905
C3L-01889,CPTAC,CPTAC,S1071,19.6941139879857
C3L-01890,CPTAC,CPTAC,S1071,19.4216394433351
C3L-02219,CPTAC,CPTAC,S1071,21.9193107782665
C3L-02345,CPTAC,CPTAC,S1071,18.2963563429768
C3L-02350,CPTAC,CPTAC,S1071,17.8474921220143
C3L-02365,CPTAC,CPTAC,S1071,19.7196804762487
C3L-02549,CPTAC,CPTAC,S1071,19.6688504202525
C3N-00175,CPTAC,CPTAC,S1071,20.9533705329091
C3N-00180,CPTAC,CPTAC,S1071,20.0440552550256
C3N-00199,CPTAC,CPTAC,S1071,21.622320013297
C3N-00203,CPTAC,CPTAC,S1071,18.8529758549871
C3N-00546,CPTAC,CPTAC,S1071,20.9950785318476
C3N-00549,CPTAC,CPTAC,S1071,18.8355360901555
C3N-00552,CPTAC,CPTAC,S1071,20.1929736382336
C3N-00572,CPTAC,CPTAC,S1071,20.5755886325199
C3N-00574,CPTAC,CPTAC,S1071,21.4450404639001
C3N-00579,CPTAC,CPTAC,S1071,20.7878119463927
C3N-00738,CPTAC,CPTAC,S1071,18.6173087283675
C3N-00959,CPTAC,CPTAC,S1071,19.3939017753704
C3N-01021,CPTAC,CPTAC,S1071,19.9188173468624
C3N-01030,CPTAC,CPTAC,S1071,19.6877291813806
C3N-01413,CPTAC,CPTAC,S1071,19.062832701024
C3N-01414,CPTAC,CPTAC,S1071,18.845144197899
C3N-01415,CPTAC,CPTAC,S1071,21.0893074866452
C3N-01488,CPTAC,CPTAC,S1071,19.4671335696985
C3N-01799,CPTAC,CPTAC,S1071,19.0534353927299
C3N-01823,CPTAC,CPTAC,S1071,19.1494823632544
C3N-02003,CPTAC,CPTAC,S1071,19.6252381990351
C3N-02087,CPTAC,CPTAC,S1071,19.0031975582261
C3N-02145,CPTAC,CPTAC,S1071,20.2019814580648
C3N-02423,CPTAC,CPTAC,S1071,20.4819952797428
C3N-02433,CPTAC,CPTAC,S1071,20.2270406523331
C3N-02582,CPTAC,CPTAC,S1071,22.9099586193322
C3N-02586,CPTAC,CPTAC,S1071,21.1261253976468
C3N-02587,CPTAC,CPTAC,S1071,20.2816272922065
C3N-02588,CPTAC,CPTAC,S1071,19.365225743434
C3L-00001,CPTAC,CPTAC,S1042,21.2465174431206
C3L-00009,CPTAC,CPTAC,S1042,18.0061349985087
C3L-00093,CPTAC,CPTAC,S1042,17.8778436815786
C3L-00095,CPTAC,CPTAC,S1042,18.8349686378697
C3L-00140,CPTAC,CPTAC,S1042,19.1819843367989
C3L-00279,CPTAC,CPTAC,S1042,19.357880643078
C3L-00368,CPTAC,CPTAC,S1042,18.6268770036672
C3L-00412,CPTAC,CPTAC,S1042,18.6707987748997
C3L-00510,CPTAC,CPTAC,S1042,18.9706035261997
C3L-00913,CPTAC,CPTAC,S1042,18.5110022697219
C3L-01330,CPTAC,CPTAC,S1042,19.6985330797364
C3L-01862,CPTAC,CPTAC,S1042,18.9341675029601
C3L-02219,CPTAC,CPTAC,S1042,20.2678077296928
C3L-02345,CPTAC,CPTAC,S1042,18.4430391513234
C3N-00167,CPTAC,CPTAC,S1042,19.3383546733428
C3N-00180,CPTAC,CPTAC,S1042,19.002194546157
C3N-00203,CPTAC,CPTAC,S1042,18.492707640738
C3N-00294,CPTAC,CPTAC,S1042,19.6990867549151
C3N-00546,CPTAC,CPTAC,S1042,18.8438272583963
C3N-00549,CPTAC,CPTAC,S1042,18.5593218937534
C3N-00550,CPTAC,CPTAC,S1042,18.9493924561191
C3N-00556,CPTAC,CPTAC,S1042,19.2775629082973
C3N-00559,CPTAC,CPTAC,S1042,19.0430001057254
C3N-00574,CPTAC,CPTAC,S1042,20.2311620187553
C3N-00704,CPTAC,CPTAC,S1042,18.9243226323299
C3N-01021,CPTAC,CPTAC,S1042,18.8091767047313
C3N-01071,CPTAC,CPTAC,S1042,18.662623344321
C3N-01074,CPTAC,CPTAC,S1042,18.7900168523639
C3N-01414,CPTAC,CPTAC,S1042,18.4509570762463
C3N-01415,CPTAC,CPTAC,S1042,19.3141066486612
C3N-01416,CPTAC,CPTAC,S1042,19.1488194825806
C3N-02067,CPTAC,CPTAC,S1042,18.9740290450641
C3N-02087,CPTAC,CPTAC,S1042,18.5594271354215
C3N-02145,CPTAC,CPTAC,S1042,18.6882687813201
C3N-02149,CPTAC,CPTAC,S1042,18.9578162197747
C3N-02158,CPTAC,CPTAC,S1042,18.9564972211696
C3N-02379,CPTAC,CPTAC,S1042,19.6522234108075
C3N-02421,CPTAC,CPTAC,S1042,18.8141854889075
C3N-02422,CPTAC,CPTAC,S1042,18.8390981362535
C3N-02424,CPTAC,CPTAC,S1042,19.128927504792
C3N-02433,CPTAC,CPTAC,S1042,18.6789022318059
C3N-02529,CPTAC,CPTAC,S1042,19.1219102155907
C3N-02572,CPTAC,CPTAC,S1042,18.9807797071614
C3N-02586,CPTAC,CPTAC,S1042,19.2479447235042
C3L-00001,CPTAC,CPTAC,S1166,26.6542666764578
C3L-00009,CPTAC,CPTAC,S1166,22.0353773330013
C3L-00094,CPTAC,CPTAC,S1166,21.3941778583054
C3L-00144,CPTAC,CPTAC,S1166,21.3513348733336
C3L-00263,CPTAC,CPTAC,S1166,21.7891190621778
C3L-00412,CPTAC,CPTAC,S1166,21.9488352406635
C3L-00604,CPTAC,CPTAC,S1166,22.461678020582
C3L-01683,CPTAC,CPTAC,S1166,21.5878725253399
C3L-01862,CPTAC,CPTAC,S1166,21.5822894833819
C3L-01924,CPTAC,CPTAC,S1166,22.6859109101201
C3L-02219,CPTAC,CPTAC,S1166,24.5379238556884
C3L-02365,CPTAC,CPTAC,S1166,22.8744322142079
C3L-02549,CPTAC,CPTAC,S1166,21.4355547978995
C3N-00167,CPTAC,CPTAC,S1166,23.0489767976614
C3N-00175,CPTAC,CPTAC,S1166,21.8393396011406
C3N-00180,CPTAC,CPTAC,S1166,21.6925349025873
C3N-00199,CPTAC,CPTAC,S1166,22.4493243163881
C3N-00223,CPTAC,CPTAC,S1166,22.3394343510396
C3N-00293,CPTAC,CPTAC,S1166,22.700370527765
C3N-00294,CPTAC,CPTAC,S1166,23.4589784576839
C3N-00433,CPTAC,CPTAC,S1166,21.2627480339555
C3N-00546,CPTAC,CPTAC,S1166,22.511022035491
C3N-00549,CPTAC,CPTAC,S1166,21.1973258539996
C3N-00550,CPTAC,CPTAC,S1166,22.9542567659806
C3N-00556,CPTAC,CPTAC,S1166,23.3522654527408
C3N-00578,CPTAC,CPTAC,S1166,22.5579313958125
C3N-00579,CPTAC,CPTAC,S1166,22.9002459620579
C3N-00704,CPTAC,CPTAC,S1166,22.9433342699268
C3N-01071,CPTAC,CPTAC,S1166,21.2410629703503
C3N-01072,CPTAC,CPTAC,S1166,21.6249070254717
C3N-01074,CPTAC,CPTAC,S1166,22.401912090976
C3N-01410,CPTAC,CPTAC,S1166,19.8905684097758
C3N-01414,CPTAC,CPTAC,S1166,21.3769068010499
C3N-01415,CPTAC,CPTAC,S1166,24.0980152206736
C3N-01823,CPTAC,CPTAC,S1166,22.0572171574996
C3N-02087,CPTAC,CPTAC,S1166,21.4100693352649
C3N-02145,CPTAC,CPTAC,S1166,21.5958754352305
C3N-02158,CPTAC,CPTAC,S1166,22.8519790084834
C3N-02380,CPTAC,CPTAC,S1166,23.1652901443894
C3N-02421,CPTAC,CPTAC,S1166,23.5406985734123
C3N-02433,CPTAC,CPTAC,S1166,22.5742207856483
C3N-02582,CPTAC,CPTAC,S1166,23.4555412729306
C3N-02586,CPTAC,CPTAC,S1166,23.2086123684132
C3N-02729,CPTAC,CPTAC,S1166,24.3595218895963
C3L-00001,CPTAC,CPTAC,Y1172,21.9244761227765
C3L-00009,CPTAC,CPTAC,Y1172,18.5908841694119
C3L-00080,CPTAC,CPTAC,Y1172,17.556574774345
C3L-00140,CPTAC,CPTAC,Y1172,18.9361725316109
C3L-00263,CPTAC,CPTAC,Y1172,18.8743996982343
C3L-00279,CPTAC,CPTAC,Y1172,18.9143960633021
C3L-00368,CPTAC,CPTAC,Y1172,20.4697886721924
C3L-00604,CPTAC,CPTAC,Y1172,18.0477512852206
C3L-01632,CPTAC,CPTAC,Y1172,18.9674707067195
C3N-00167,CPTAC,CPTAC,Y1172,19.2989694032304
C3N-00199,CPTAC,CPTAC,Y1172,20.2192409975538
C3N-00217,CPTAC,CPTAC,Y1172,19.3503791103925
C3N-00294,CPTAC,CPTAC,Y1172,20.1290208219156
C3N-00546,CPTAC,CPTAC,Y1172,19.3275039252123
C3N-00547,CPTAC,CPTAC,Y1172,18.0363267739286
C3N-00550,CPTAC,CPTAC,Y1172,18.1687589681828
C3N-00556,CPTAC,CPTAC,Y1172,19.1346232712057
C3N-00578,CPTAC,CPTAC,Y1172,19.6621048051334
C3N-00579,CPTAC,CPTAC,Y1172,19.1177568358124
C3N-00704,CPTAC,CPTAC,Y1172,20.3730920025708
C3N-00737,CPTAC,CPTAC,Y1172,18.2977539907789
C3N-01023,CPTAC,CPTAC,Y1172,17.6786449420201
C3N-01024,CPTAC,CPTAC,Y1172,18.1281593651455
C3N-01071,CPTAC,CPTAC,Y1172,17.276410057835
C3N-01074,CPTAC,CPTAC,Y1172,18.4378756012437
C3N-01405,CPTAC,CPTAC,Y1172,18.9670355557265
C3N-01410,CPTAC,CPTAC,Y1172,18.0256341065003
C3N-01414,CPTAC,CPTAC,Y1172,18.3598660629335
C3N-01416,CPTAC,CPTAC,Y1172,18.8023682702779
C3N-01489,CPTAC,CPTAC,Y1172,18.823375096458
C3N-02000,CPTAC,CPTAC,Y1172,19.9862464950008
C3N-02002,CPTAC,CPTAC,Y1172,20.0056225721796
C3N-02067,CPTAC,CPTAC,Y1172,20.1980677254268
C3N-02087,CPTAC,CPTAC,Y1172,18.8854712684865
C3N-02149,CPTAC,CPTAC,Y1172,16.9484604318587
C3N-02155,CPTAC,CPTAC,Y1172,21.2097805921879
C3N-02158,CPTAC,CPTAC,Y1172,17.8500341620398
C3N-02379,CPTAC,CPTAC,Y1172,21.5232646834421
C3N-02421,CPTAC,CPTAC,Y1172,20.6673635750963
C3N-02422,CPTAC,CPTAC,Y1172,18.1896715319823
C3N-02424,CPTAC,CPTAC,Y1172,18.9802177199056
C3N-02529,CPTAC,CPTAC,Y1172,21.1139236456376
C3N-02582,CPTAC,CPTAC,Y1172,20.532433936782
C3N-02729,CPTAC,CPTAC,Y1172,20.6944996286441
C3L-00083,CPTAC,CPTAC,S1026,17.9764361705204
C3L-00140,CPTAC,CPTAC,S1026,17.0429566951577
C3L-00279,CPTAC,CPTAC,S1026,17.0211373470683
C3L-00368,CPTAC,CPTAC,S1026,16.8166496499982
C3L-00422,CPTAC,CPTAC,S1026,17.8169914970903
C3L-01330,CPTAC,CPTAC,S1026,16.9260134007273
C3L-01632,CPTAC,CPTAC,S1026,17.6055431718438
C3L-01862,CPTAC,CPTAC,S1026,17.649962234141
C3L-01889,CPTAC,CPTAC,S1026,17.6379730712728
C3L-02219,CPTAC,CPTAC,S1026,17.8603136778574
C3L-02365,CPTAC,CPTAC,S1026,17.5007825506626
C3L-02549,CPTAC,CPTAC,S1026,17.3063910450031
C3N-00169,CPTAC,CPTAC,S1026,17.7190124061829
C3N-00175,CPTAC,CPTAC,S1026,17.5785371713695
C3N-00180,CPTAC,CPTAC,S1026,17.8957665449522
C3N-00203,CPTAC,CPTAC,S1026,17.410466986827
C3N-00217,CPTAC,CPTAC,S1026,17.7540498212837
C3N-00294,CPTAC,CPTAC,S1026,18.0908839756993
C3N-00551,CPTAC,CPTAC,S1026,17.438468128569
C3N-00552,CPTAC,CPTAC,S1026,17.4381410873166
C3N-00556,CPTAC,CPTAC,S1026,18.0624176935648
C3N-00574,CPTAC,CPTAC,S1026,18.7568245961546
C3N-00704,CPTAC,CPTAC,S1026,17.0531757908556
C3N-01021,CPTAC,CPTAC,S1026,17.6089895039465
C3N-01030,CPTAC,CPTAC,S1026,17.7124060308391
C3N-01416,CPTAC,CPTAC,S1026,17.1154558003646
C3N-01823,CPTAC,CPTAC,S1026,17.3987363479022
C3N-01842,CPTAC,CPTAC,S1026,17.4602227268809
C3N-02002,CPTAC,CPTAC,S1026,17.5871123108292
C3N-02067,CPTAC,CPTAC,S1026,16.9526100254052
C3N-02145,CPTAC,CPTAC,S1026,17.9133218347829
C3N-02149,CPTAC,CPTAC,S1026,17.2987477600945
C3N-02155,CPTAC,CPTAC,S1026,18.0535282267459
C3N-02158,CPTAC,CPTAC,S1026,18.3605161913843
C3N-02379,CPTAC,CPTAC,S1026,18.1434673834941
C3N-02421,CPTAC,CPTAC,S1026,18.3015269075261
C3N-02422,CPTAC,CPTAC,S1026,17.7166712447663
C3N-02424,CPTAC,CPTAC,S1026,17.3120494165969
C3N-02529,CPTAC,CPTAC,S1026,17.2459791006522
C3N-02586,CPTAC,CPTAC,S1026,17.7751945597552
C3N-02588,CPTAC,CPTAC,S1026,17.444156925171
C3L-00009,CPTAC,CPTAC,Y1092,17.3101421250165
C3L-00140,CPTAC,CPTAC,Y1092,17.7703716820501
C3L-00368,CPTAC,CPTAC,Y1092,19.2245803043162
C3L-00412,CPTAC,CPTAC,Y1092,17.4667517597836
C3L-00604,CPTAC,CPTAC,Y1092,16.9941922811266
C3L-01330,CPTAC,CPTAC,Y1092,16.9035254905506
C3L-02350,CPTAC,CPTAC,Y1092,17.4395519193686
C3L-02365,CPTAC,CPTAC,Y1092,17.4446886776944
C3L-02549,CPTAC,CPTAC,Y1092,17.738552351753
C3N-00175,CPTAC,CPTAC,Y1092,17.4790974901496
C3N-00199,CPTAC,CPTAC,Y1092,18.3208802926288
C3N-00203,CPTAC,CPTAC,Y1092,18.447413631434
C3N-00294,CPTAC,CPTAC,Y1092,18.6429779761161
C3N-00546,CPTAC,CPTAC,Y1092,18.8657915141345
C3N-00549,CPTAC,CPTAC,Y1092,16.6488766697559
C3N-00556,CPTAC,CPTAC,Y1092,17.7926385371675
C3N-00574,CPTAC,CPTAC,Y1092,20.1071088467564
C3N-00579,CPTAC,CPTAC,Y1092,16.5247322553918
C3N-00704,CPTAC,CPTAC,Y1092,18.551417973139
C3N-00738,CPTAC,CPTAC,Y1092,17.9129022472359
C3N-00959,CPTAC,CPTAC,Y1092,17.6047729274278
C3N-01021,CPTAC,CPTAC,Y1092,18.4791954831
C3N-01414,CPTAC,CPTAC,Y1092,16.4565034007452
C3N-01415,CPTAC,CPTAC,Y1092,19.100373633973
C3N-01823,CPTAC,CPTAC,Y1092,17.8499150856974
C3N-02003,CPTAC,CPTAC,Y1092,18.1899479723977
C3N-02067,CPTAC,CPTAC,Y1092,19.9716735301364
C3N-02087,CPTAC,CPTAC,Y1092,18.0390857827856
C3N-02158,CPTAC,CPTAC,Y1092,17.5157068979966
C3N-02421,CPTAC,CPTAC,Y1092,18.7428797303427
C3N-02422,CPTAC,CPTAC,Y1092,17.9769343169811
C3N-02433,CPTAC,CPTAC,Y1092,18.0534473964313
C3N-02529,CPTAC,CPTAC,Y1092,19.8082131774709
C3N-02582,CPTAC,CPTAC,Y1092,20.402230194983
C3L-00279,CPTAC,CPTAC,T993,15.8086450442301
C3L-01632,CPTAC,CPTAC,T993,15.9134126666941
C3L-01862,CPTAC,CPTAC,T993,16.1062380170863
C3L-01890,CPTAC,CPTAC,T993,16.0143024816159
C3L-02219,CPTAC,CPTAC,T993,16.6279625093023
C3N-00180,CPTAC,CPTAC,T993,16.5141217602484
C3N-00217,CPTAC,CPTAC,T993,15.642251778196
C3N-00572,CPTAC,CPTAC,T993,16.4720084376023
C3N-01416,CPTAC,CPTAC,T993,16.0699641612726
C3N-01799,CPTAC,CPTAC,T993,16.0135883819369
C3N-02002,CPTAC,CPTAC,T993,15.9520452915504
C3N-02145,CPTAC,CPTAC,T993,16.2860263748901
C3N-02149,CPTAC,CPTAC,T993,16.3486559789954
C3N-02155,CPTAC,CPTAC,T993,16.9598278041598
C3N-02379,CPTAC,CPTAC,T993,16.0921729768451
C3N-02423,CPTAC,CPTAC,T993,16.559719544238
C3N-02424,CPTAC,CPTAC,T993,15.967686517037
C3N-02586,CPTAC,CPTAC,T993,16.5470087724322
C3L-00093,CPTAC,CPTAC,S695,15.0422811164249
C3L-00510,CPTAC,CPTAC,S695,14.8652378486326
C3L-00604,CPTAC,CPTAC,S695,15.5081762942224
C3L-00913,CPTAC,CPTAC,S695,14.3179878640238
C3L-01632,CPTAC,CPTAC,S695,15.0754987646468
C3L-01682,CPTAC,CPTAC,S695,14.4990288948788
C3L-02345,CPTAC,CPTAC,S695,14.9373762390842
C3N-00199,CPTAC,CPTAC,S695,15.3005479321738
C3N-00217,CPTAC,CPTAC,S695,15.2471197906161
C3N-00579,CPTAC,CPTAC,S695,15.5568015981036
C3N-00580,CPTAC,CPTAC,S695,14.7848697140106
C3N-01016,CPTAC,CPTAC,S695,14.6916724910585
C3N-02002,CPTAC,CPTAC,S695,15.2093176267943
C3N-02089,CPTAC,CPTAC,S695,14.5427170456574
C3N-02155,CPTAC,CPTAC,S695,15.4283396660627
C3N-02582,CPTAC,CPTAC,S695,15.9049273978402
C3L-00093,CPTAC,CPTAC,T1041,17.3067192521686
C3L-00510,CPTAC,CPTAC,T1041,17.0291997303001
C3L-00604,CPTAC,CPTAC,T1041,17.774388363077
C3L-00913,CPTAC,CPTAC,T1041,16.8959147560999
C3L-01682,CPTAC,CPTAC,T1041,17.5808322960231
C3L-02345,CPTAC,CPTAC,T1041,17.0046973597157
C3L-02350,CPTAC,CPTAC,T1041,17.4527715802502
C3N-00199,CPTAC,CPTAC,T1041,18.7357396608133
C3N-00579,CPTAC,CPTAC,T1041,17.9932621533431
C3N-00580,CPTAC,CPTAC,T1041,17.1256049813194
C3N-00738,CPTAC,CPTAC,T1041,17.3921854835259
C3N-00959,CPTAC,CPTAC,T1041,17.9931658688484
C3N-01016,CPTAC,CPTAC,T1041,17.392355387687
C3N-02003,CPTAC,CPTAC,T1041,17.6628824808082
C3N-02089,CPTAC,CPTAC,T1041,17.0844000540493
C3N-02582,CPTAC,CPTAC,T1041,19.3033730119225
C3L-00140,CPTAC,CPTAC,S1045,16.0703036876576
C3L-00368,CPTAC,CPTAC,S1045,16.3145531682877
C3L-01330,CPTAC,CPTAC,S1045,15.5013452088644
C3L-01862,CPTAC,CPTAC,S1045,16.4821768572386
C3L-02219,CPTAC,CPTAC,S1045,16.3953441334472
C3N-00180,CPTAC,CPTAC,S1045,16.3639857673823
C3N-00203,CPTAC,CPTAC,S1045,16.0587468155773
C3N-00574,CPTAC,CPTAC,S1045,17.0233493737551
C3N-01021,CPTAC,CPTAC,S1045,16.337881416466
C3N-02067,CPTAC,CPTAC,S1045,16.2831733712669
C3N-02145,CPTAC,CPTAC,S1045,16.1659762869744
C3N-02422,CPTAC,CPTAC,S1045,16.3497304550816
C3N-02529,CPTAC,CPTAC,S1045,15.9641887882832
C3N-02586,CPTAC,CPTAC,S1045,16.2823339072841
C3L-00263,CPTAC,CPTAC,S1025,15.6381135072197
C3N-00578,CPTAC,CPTAC,S1025,15.4829547125827
C3N-00737,CPTAC,CPTAC,S1025,14.9776214631561
C3N-01405,CPTAC,CPTAC,S1025,15.5547214095469
C3N-01410,CPTAC,CPTAC,S1025,15.7362308236498
C3N-01489,CPTAC,CPTAC,S1025,15.37486595975
C3N-02000,CPTAC,CPTAC,S1025,15.1729634606814
C3N-02729,CPTAC,CPTAC,S1025,15.3046758185612
C3N-00294,CPTAC,CPTAC,Y1110,9.4812042681664
C3N-00556,CPTAC,CPTAC,Y1110,9.84385282273803
C3N-00704,CPTAC,CPTAC,Y1110,11.2775796671565
C3N-02158,CPTAC,CPTAC,Y1110,10.5118930227476
C3N-02421,CPTAC,CPTAC,Y1110,10.3984362771204
C3L-00604,CPTAC,CPTAC,S1081,12.3722158513501
C3N-00199,CPTAC,CPTAC,S1081,13.4996232454565
C3N-00579,CPTAC,CPTAC,S1081,12.6659722415725
C3N-02582,CPTAC,CPTAC,S1081,14.3201774472908
C3L-02365,CPTAC,CPTAC,T1085,12.4543820635982
C3L-02549,CPTAC,CPTAC,T1085,11.6003013568627
C3N-00175,CPTAC,CPTAC,T1085,12.2807546471266
C3N-01823,CPTAC,CPTAC,T1085,11.9365704745677
C3L-00973,CPTAC,CPTAC,Y1016,13.2160837733531
C3L-02348,CPTAC,CPTAC,Y1016,13.1047374590749
C3L-02508,CPTAC,CPTAC,Y1016,13.5418534275404
C3N-00560,CPTAC,CPTAC,Y1016,13.0345387008293
C3L-00604,CPTAC,CPTAC,Y1069,11.5915561395594
C3N-00199,CPTAC,CPTAC,Y1069,12.5424573311485
C3N-00579,CPTAC,CPTAC,Y1069,12.3406931941035
C3N-02582,CPTAC,CPTAC,Y1069,13.408001186734
C3L-00001.N,CPTAC,CPTAC,S991,22.469850818732
C3L-00009.N,CPTAC,CPTAC,S991,22.7859870925577
C3L-00080.N,CPTAC,CPTAC,S991,21.707245236291
C3L-00083.N,CPTAC,CPTAC,S991,21.9997217939395
C3L-00093.N,CPTAC,CPTAC,S991,22.6729399719973
C3L-00094.N,CPTAC,CPTAC,S991,22.307001119012
C3L-00095.N,CPTAC,CPTAC,S991,22.6999453719289
C3L-00140.N,CPTAC,CPTAC,S991,22.5672128455726
C3L-00144.N,CPTAC,CPTAC,S991,21.9834559678396
C3L-00263.N,CPTAC,CPTAC,S991,22.4509389758156
C3L-00279.N,CPTAC,CPTAC,S991,22.3697340361869
C3L-00368.N,CPTAC,CPTAC,S991,21.8124105954218
C3L-00412.N,CPTAC,CPTAC,S991,22.3090080761392
C3L-00422.N,CPTAC,CPTAC,S991,22.0714482161335
C3L-00510.N,CPTAC,CPTAC,S991,22.8560090121415
C3L-00604.N,CPTAC,CPTAC,S991,22.7176855044476
C3L-00893.N,CPTAC,CPTAC,S991,22.5427851049416
C3L-00913.N,CPTAC,CPTAC,S991,22.8933189608491
C3L-00973.N,CPTAC,CPTAC,S991,22.6921682651883
C3L-01330.N,CPTAC,CPTAC,S991,22.5951779672269
C3L-01632.N,CPTAC,CPTAC,S991,22.5315779920784
C3L-01682.N,CPTAC,CPTAC,S991,22.1123913722311
C3L-01683.N,CPTAC,CPTAC,S991,21.6154841260257
C3L-01889.N,CPTAC,CPTAC,S991,22.3186470137979
C3L-01890.N,CPTAC,CPTAC,S991,22.511098132669
C3L-01924.N,CPTAC,CPTAC,S991,21.9902525917309
C3L-02219.N,CPTAC,CPTAC,S991,22.2290259056851
C3L-02345.N,CPTAC,CPTAC,S991,22.5107541535447
C3L-02348.N,CPTAC,CPTAC,S991,22.2638701523179
C3L-02350.N,CPTAC,CPTAC,S991,22.4784338937547
C3L-02365.N,CPTAC,CPTAC,S991,23.0684364955918
C3L-02508.N,CPTAC,CPTAC,S991,22.7710604724475
C3L-02549.N,CPTAC,CPTAC,S991,22.8520220764269
C3N-00167.N,CPTAC,CPTAC,S991,22.0936148296905
C3N-00169.N,CPTAC,CPTAC,S991,21.9264813620584
C3N-00175.N,CPTAC,CPTAC,S991,23.33248769303
C3N-00180.N,CPTAC,CPTAC,S991,22.3973623793072
C3N-00199.N,CPTAC,CPTAC,S991,22.1736034643713
C3N-00203.N,CPTAC,CPTAC,S991,22.3959694910308
C3N-00217.N,CPTAC,CPTAC,S991,22.7979808463585
C3N-00223.N,CPTAC,CPTAC,S991,21.7978254597049
C3N-00293.N,CPTAC,CPTAC,S991,22.1498446551693
C3N-00433.N,CPTAC,CPTAC,S991,22.5768419310546
C3N-00546.N,CPTAC,CPTAC,S991,22.8624220968758
C3N-00547.N,CPTAC,CPTAC,S991,22.2197080537865
C3N-00549.N,CPTAC,CPTAC,S991,22.6997241211004
C3N-00550.N,CPTAC,CPTAC,S991,22.6197570767634
C3N-00551.N,CPTAC,CPTAC,S991,22.4218888644859
C3N-00552.N,CPTAC,CPTAC,S991,22.430470783249
C3N-00556.N,CPTAC,CPTAC,S991,22.8399511093727
C3N-00559.N,CPTAC,CPTAC,S991,22.2610980286271
C3N-00560.N,CPTAC,CPTAC,S991,22.4384350358637
C3N-00572.N,CPTAC,CPTAC,S991,22.3348156600936
C3N-00574.N,CPTAC,CPTAC,S991,23.0299545086926
C3N-00578.N,CPTAC,CPTAC,S991,22.6640123232774
C3N-00579.N,CPTAC,CPTAC,S991,21.9879640293433
C3N-00580.N,CPTAC,CPTAC,S991,22.3088199454335
C3N-00704.N,CPTAC,CPTAC,S991,22.8558305091019
C3N-00737.N,CPTAC,CPTAC,S991,22.2875324924502
C3N-00738.N,CPTAC,CPTAC,S991,22.8071653704854
C3N-00959.N,CPTAC,CPTAC,S991,22.8807377004991
C3N-01016.N,CPTAC,CPTAC,S991,21.9293893185846
C3N-01021.N,CPTAC,CPTAC,S991,22.7276089090695
C3N-01023.N,CPTAC,CPTAC,S991,22.1353117039001
C3N-01024.N,CPTAC,CPTAC,S991,21.9018174208035
C3N-01030.N,CPTAC,CPTAC,S991,22.3210815265241
C3N-01071.N,CPTAC,CPTAC,S991,23.1627647701433
C3N-01072.N,CPTAC,CPTAC,S991,22.8955024335242
C3N-01405.N,CPTAC,CPTAC,S991,22.2238180130351
C3N-01410.N,CPTAC,CPTAC,S991,22.5634865126026
C3N-01413.N,CPTAC,CPTAC,S991,22.9922434416343
C3N-01414.N,CPTAC,CPTAC,S991,22.5896328744839
C3N-01415.N,CPTAC,CPTAC,S991,22.8704164689498
C3N-01416.N,CPTAC,CPTAC,S991,22.7257168838705
C3N-01488.N,CPTAC,CPTAC,S991,22.4731780972791
C3N-01489.N,CPTAC,CPTAC,S991,22.1209826138856
C3N-01799.N,CPTAC,CPTAC,S991,22.2909278515973
C3N-01823.N,CPTAC,CPTAC,S991,22.522161688485
C3N-02000.N,CPTAC,CPTAC,S991,22.2027081681473
C3N-02002.N,CPTAC,CPTAC,S991,22.1800429503657
C3N-02003.N,CPTAC,CPTAC,S991,22.1782464727169
C3N-02067.N,CPTAC,CPTAC,S991,21.9208023762733
C3N-02087.N,CPTAC,CPTAC,S991,22.7554507336715
C3N-02089.N,CPTAC,CPTAC,S991,22.1553718187896
C3N-02145.N,CPTAC,CPTAC,S991,22.3432674729101
C3N-02149.N,CPTAC,CPTAC,S991,22.8524386769584
C3N-02155.N,CPTAC,CPTAC,S991,22.9281517428554
C3N-02158.N,CPTAC,CPTAC,S991,23.1137137691847
C3N-02379.N,CPTAC,CPTAC,S991,22.6320753261513
C3N-02380.N,CPTAC,CPTAC,S991,21.5000164635191
C3N-02421.N,CPTAC,CPTAC,S991,22.5068669931512
C3N-02423.N,CPTAC,CPTAC,S991,22.7153800291033
C3N-02424.N,CPTAC,CPTAC,S991,22.2151689623995
C3N-02433.N,CPTAC,CPTAC,S991,22.4901728110331
C3N-02529.N,CPTAC,CPTAC,S991,22.383965091817
C3N-02572.N,CPTAC,CPTAC,S991,22.5887211331292
C3N-02582.N,CPTAC,CPTAC,S991,21.8348676712713
C3N-02586.N,CPTAC,CPTAC,S991,22.2988019250354
C3N-02587.N,CPTAC,CPTAC,S991,22.0728560791067
C3N-02588.N,CPTAC,CPTAC,S991,22.1666015543299
C3N-02729.N,CPTAC,CPTAC,S991,22.4375896518949
C3L-00001.N,CPTAC,CPTAC,T693,24.555447059432
C3L-00009.N,CPTAC,CPTAC,T693,24.9599725211244
C3L-00080.N,CPTAC,CPTAC,T693,24.0629757461112
C3L-00083.N,CPTAC,CPTAC,T693,23.6878636067436
C3L-00093.N,CPTAC,CPTAC,T693,24.2982213576442
C3L-00094.N,CPTAC,CPTAC,T693,24.1212716836951
C3L-00095.N,CPTAC,CPTAC,T693,24.359895562631
C3L-00140.N,CPTAC,CPTAC,T693,25.1505803276303
C3L-00144.N,CPTAC,CPTAC,T693,24.2668820628326
C3L-00263.N,CPTAC,CPTAC,T693,24.1765758241231
C3L-00368.N,CPTAC,CPTAC,T693,23.7677437577355
C3L-00412.N,CPTAC,CPTAC,T693,23.9214896336994
C3L-00422.N,CPTAC,CPTAC,T693,23.5105895899645
C3L-00510.N,CPTAC,CPTAC,T693,24.6523525009415
C3L-00604.N,CPTAC,CPTAC,T693,25.1960462102337
C3L-00893.N,CPTAC,CPTAC,T693,24.860314489805
C3L-00913.N,CPTAC,CPTAC,T693,24.3394354342619
C3L-00973.N,CPTAC,CPTAC,T693,24.6280684836258
C3L-01330.N,CPTAC,CPTAC,T693,24.107686779746
C3L-01632.N,CPTAC,CPTAC,T693,24.7114879057392
C3L-01682.N,CPTAC,CPTAC,T693,24.524091649444
C3L-01683.N,CPTAC,CPTAC,T693,24.1712118735057
C3L-01889.N,CPTAC,CPTAC,T693,24.3789353946717
C3L-01890.N,CPTAC,CPTAC,T693,24.3877900988368
C3L-01924.N,CPTAC,CPTAC,T693,24.194923170398
C3L-02219.N,CPTAC,CPTAC,T693,24.6254059604921
C3L-02345.N,CPTAC,CPTAC,T693,24.5343431813694
C3L-02348.N,CPTAC,CPTAC,T693,24.0631920769789
C3L-02350.N,CPTAC,CPTAC,T693,23.047401644118
C3L-02365.N,CPTAC,CPTAC,T693,24.7907125310059
C3L-02508.N,CPTAC,CPTAC,T693,25.8323277009766
C3L-02549.N,CPTAC,CPTAC,T693,25.1979960519476
C3N-00167.N,CPTAC,CPTAC,T693,24.4200587306874
C3N-00169.N,CPTAC,CPTAC,T693,23.5446034334608
C3N-00175.N,CPTAC,CPTAC,T693,25.443364871592
C3N-00180.N,CPTAC,CPTAC,T693,24.6321099008296
C3N-00199.N,CPTAC,CPTAC,T693,24.6189921708173
C3N-00203.N,CPTAC,CPTAC,T693,24.3419011710126
C3N-00217.N,CPTAC,CPTAC,T693,24.8936297812332
C3N-00223.N,CPTAC,CPTAC,T693,24.3526348979111
C3N-00293.N,CPTAC,CPTAC,T693,24.8735392739583
C3N-00433.N,CPTAC,CPTAC,T693,24.4960714366255
C3N-00546.N,CPTAC,CPTAC,T693,24.8480678277903
C3N-00547.N,CPTAC,CPTAC,T693,23.3556403046485
C3N-00549.N,CPTAC,CPTAC,T693,24.3725381556852
C3N-00550.N,CPTAC,CPTAC,T693,24.4375057264571
C3N-00551.N,CPTAC,CPTAC,T693,24.3726913897065
C3N-00552.N,CPTAC,CPTAC,T693,24.4217079929056
C3N-00556.N,CPTAC,CPTAC,T693,24.7020865718347
C3N-00559.N,CPTAC,CPTAC,T693,24.359557045462
C3N-00560.N,CPTAC,CPTAC,T693,24.3304035222561
C3N-00572.N,CPTAC,CPTAC,T693,24.3353331813078
C3N-00574.N,CPTAC,CPTAC,T693,24.7103820711585
C3N-00578.N,CPTAC,CPTAC,T693,24.488134062621
C3N-00579.N,CPTAC,CPTAC,T693,24.2425200290381
C3N-00580.N,CPTAC,CPTAC,T693,23.8918496702473
C3N-00704.N,CPTAC,CPTAC,T693,25.4138876617432
C3N-00737.N,CPTAC,CPTAC,T693,24.2418755256214
C3N-00738.N,CPTAC,CPTAC,T693,24.2585890390273
C3N-00959.N,CPTAC,CPTAC,T693,24.4260310765209
C3N-01016.N,CPTAC,CPTAC,T693,23.9216097389295
C3N-01021.N,CPTAC,CPTAC,T693,23.8088797723412
C3N-01023.N,CPTAC,CPTAC,T693,23.9884392596498
C3N-01024.N,CPTAC,CPTAC,T693,24.4768816116304
C3N-01030.N,CPTAC,CPTAC,T693,24.6397453261397
C3N-01071.N,CPTAC,CPTAC,T693,24.4795717961217
C3N-01072.N,CPTAC,CPTAC,T693,24.4271932953471
C3N-01405.N,CPTAC,CPTAC,T693,23.7467598523062
C3N-01410.N,CPTAC,CPTAC,T693,24.7444806293418
C3N-01413.N,CPTAC,CPTAC,T693,24.6598045530176
C3N-01414.N,CPTAC,CPTAC,T693,24.9977014283383
C3N-01415.N,CPTAC,CPTAC,T693,24.4019132222037
C3N-01488.N,CPTAC,CPTAC,T693,25.3370596278326
C3N-01489.N,CPTAC,CPTAC,T693,24.2773662751167
C3N-01799.N,CPTAC,CPTAC,T693,24.1713946036769
C3N-01823.N,CPTAC,CPTAC,T693,25.3505155464162
C3N-02000.N,CPTAC,CPTAC,T693,24.4498590819282
C3N-02002.N,CPTAC,CPTAC,T693,25.1016474937412
C3N-02003.N,CPTAC,CPTAC,T693,23.9017282786704
C3N-02067.N,CPTAC,CPTAC,T693,23.9399992855011
C3N-02087.N,CPTAC,CPTAC,T693,24.6644593238725
C3N-02089.N,CPTAC,CPTAC,T693,23.9914991902724
C3N-02145.N,CPTAC,CPTAC,T693,24.2790169989601
C3N-02155.N,CPTAC,CPTAC,T693,25.0390971854177
C3N-02158.N,CPTAC,CPTAC,T693,24.8613996051897
C3N-02379.N,CPTAC,CPTAC,T693,24.5148470516897
C3N-02380.N,CPTAC,CPTAC,T693,23.6446005431425
C3N-02421.N,CPTAC,CPTAC,T693,24.321979776281
C3N-02423.N,CPTAC,CPTAC,T693,24.9280800845458
C3N-02433.N,CPTAC,CPTAC,T693,24.7317623861647
C3N-02529.N,CPTAC,CPTAC,T693,24.9368962177256
C3N-02572.N,CPTAC,CPTAC,T693,24.118738137975
C3N-02582.N,CPTAC,CPTAC,T693,24.2541476157314
C3N-02586.N,CPTAC,CPTAC,T693,24.6890266336616
C3N-02587.N,CPTAC,CPTAC,T693,25.0026463252579
C3N-02588.N,CPTAC,CPTAC,T693,24.3684807576656
C3N-02729.N,CPTAC,CPTAC,T693,24.1456288904399
C3L-00001.N,CPTAC,CPTAC,S1064,21.5861838067363
C3L-00009.N,CPTAC,CPTAC,S1064,20.8913283635808
C3L-00080.N,CPTAC,CPTAC,S1064,20.7741199429277
C3L-00093.N,CPTAC,CPTAC,S1064,20.4147254530595
C3L-00094.N,CPTAC,CPTAC,S1064,19.853544182347
C3L-00095.N,CPTAC,CPTAC,S1064,21.0438266126608
C3L-00140.N,CPTAC,CPTAC,S1064,20.5966152969987
C3L-00144.N,CPTAC,CPTAC,S1064,21.5002041171569
C3L-00263.N,CPTAC,CPTAC,S1064,19.8863627819872
C3L-00279.N,CPTAC,CPTAC,S1064,20.5178057705926
C3L-00368.N,CPTAC,CPTAC,S1064,21.094000350384
C3L-00412.N,CPTAC,CPTAC,S1064,21.8632877948444
C3L-00510.N,CPTAC,CPTAC,S1064,20.3957163624439
C3L-00604.N,CPTAC,CPTAC,S1064,20.5296774900881
C3L-00893.N,CPTAC,CPTAC,S1064,20.6710311725258
C3L-00973.N,CPTAC,CPTAC,S1064,19.9484913946133
C3L-01330.N,CPTAC,CPTAC,S1064,20.9228397392425
C3L-01632.N,CPTAC,CPTAC,S1064,20.4658557647614
C3L-01682.N,CPTAC,CPTAC,S1064,21.0626610664987
C3L-01683.N,CPTAC,CPTAC,S1064,21.3119041534081
C3L-01889.N,CPTAC,CPTAC,S1064,20.4885378363691
C3L-01890.N,CPTAC,CPTAC,S1064,22.3999898169621
C3L-01924.N,CPTAC,CPTAC,S1064,20.4501752935464
C3L-02219.N,CPTAC,CPTAC,S1064,20.1699078196715
C3L-02345.N,CPTAC,CPTAC,S1064,20.5530513873231
C3L-02348.N,CPTAC,CPTAC,S1064,20.9593173197758
C3L-02350.N,CPTAC,CPTAC,S1064,21.3123355194602
C3L-02365.N,CPTAC,CPTAC,S1064,22.1558906751466
C3L-02508.N,CPTAC,CPTAC,S1064,20.1864430781748
C3L-02549.N,CPTAC,CPTAC,S1064,21.2590728997216
C3N-00175.N,CPTAC,CPTAC,S1064,21.3800792158448
C3N-00180.N,CPTAC,CPTAC,S1064,21.2461000024945
C3N-00199.N,CPTAC,CPTAC,S1064,21.4601659387222
C3N-00203.N,CPTAC,CPTAC,S1064,21.2126548952191
C3N-00217.N,CPTAC,CPTAC,S1064,20.1205298685071
C3N-00223.N,CPTAC,CPTAC,S1064,20.3520340326892
C3N-00293.N,CPTAC,CPTAC,S1064,20.3409697025419
C3N-00433.N,CPTAC,CPTAC,S1064,20.4428269316484
C3N-00546.N,CPTAC,CPTAC,S1064,20.2980373960458
C3N-00547.N,CPTAC,CPTAC,S1064,20.0971380055734
C3N-00549.N,CPTAC,CPTAC,S1064,21.1345034474359
C3N-00550.N,CPTAC,CPTAC,S1064,20.5068880256516
C3N-00552.N,CPTAC,CPTAC,S1064,19.6458554081701
C3N-00556.N,CPTAC,CPTAC,S1064,21.3766318775069
C3N-00559.N,CPTAC,CPTAC,S1064,20.574640961269
C3N-00560.N,CPTAC,CPTAC,S1064,20.6125236637706
C3N-00572.N,CPTAC,CPTAC,S1064,22.1795922384237
C3N-00574.N,CPTAC,CPTAC,S1064,21.4692331931234
C3N-00578.N,CPTAC,CPTAC,S1064,21.0387358725015
C3N-00579.N,CPTAC,CPTAC,S1064,21.7256190624893
C3N-00580.N,CPTAC,CPTAC,S1064,20.8446268559735
C3N-00704.N,CPTAC,CPTAC,S1064,21.1241039015611
C3N-00737.N,CPTAC,CPTAC,S1064,21.2161212455406
C3N-00738.N,CPTAC,CPTAC,S1064,21.4604907942178
C3N-00959.N,CPTAC,CPTAC,S1064,20.1215026215331
C3N-01016.N,CPTAC,CPTAC,S1064,20.8717563446073
C3N-01021.N,CPTAC,CPTAC,S1064,21.1466020704125
C3N-01023.N,CPTAC,CPTAC,S1064,20.9910227998335
C3N-01024.N,CPTAC,CPTAC,S1064,20.1966705085397
C3N-01030.N,CPTAC,CPTAC,S1064,20.4592074363333
C3N-01071.N,CPTAC,CPTAC,S1064,20.9142532085431
C3N-01072.N,CPTAC,CPTAC,S1064,20.4115557009546
C3N-01405.N,CPTAC,CPTAC,S1064,22.7641738141624
C3N-01410.N,CPTAC,CPTAC,S1064,20.4323725142861
C3N-01413.N,CPTAC,CPTAC,S1064,21.1922496772326
C3N-01414.N,CPTAC,CPTAC,S1064,19.7103873510328
C3N-01415.N,CPTAC,CPTAC,S1064,20.6955952788835
C3N-01416.N,CPTAC,CPTAC,S1064,20.501474274541
C3N-01488.N,CPTAC,CPTAC,S1064,20.5710004050632
C3N-01489.N,CPTAC,CPTAC,S1064,21.4050646707923
C3N-01799.N,CPTAC,CPTAC,S1064,21.3671142115102
C3N-01823.N,CPTAC,CPTAC,S1064,21.3723117356682
C3N-02000.N,CPTAC,CPTAC,S1064,19.7190888343237
C3N-02002.N,CPTAC,CPTAC,S1064,19.8190822534828
C3N-02003.N,CPTAC,CPTAC,S1064,20.5544859174854
C3N-02067.N,CPTAC,CPTAC,S1064,21.2875392259707
C3N-02087.N,CPTAC,CPTAC,S1064,20.8993503136447
C3N-02089.N,CPTAC,CPTAC,S1064,21.5978239388774
C3N-02145.N,CPTAC,CPTAC,S1064,21.9211899350487
C3N-02149.N,CPTAC,CPTAC,S1064,20.8638324084579
C3N-02155.N,CPTAC,CPTAC,S1064,21.408107255376
C3N-02158.N,CPTAC,CPTAC,S1064,21.4565493633298
C3N-02379.N,CPTAC,CPTAC,S1064,20.1630017582817
C3N-02380.N,CPTAC,CPTAC,S1064,19.837891808637
C3N-02421.N,CPTAC,CPTAC,S1064,21.0431497059964
C3N-02423.N,CPTAC,CPTAC,S1064,20.9159110153232
C3N-02424.N,CPTAC,CPTAC,S1064,19.9040147287999
C3N-02433.N,CPTAC,CPTAC,S1064,20.9055208520877
C3N-02529.N,CPTAC,CPTAC,S1064,20.57187281676
C3N-02572.N,CPTAC,CPTAC,S1064,21.444499245421
C3N-02582.N,CPTAC,CPTAC,S1064,20.7208021519971
C3N-02586.N,CPTAC,CPTAC,S1064,21.0920966411303
C3N-02587.N,CPTAC,CPTAC,S1064,20.2199209112353
C3N-02588.N,CPTAC,CPTAC,S1064,20.6297514654797
C3N-02729.N,CPTAC,CPTAC,S1064,19.8357896548429
C3L-00001.N,CPTAC,CPTAC,S1039,23.1051526524605
C3L-00009.N,CPTAC,CPTAC,S1039,22.6537707624873
C3L-00080.N,CPTAC,CPTAC,S1039,23.2926757476532
C3L-00083.N,CPTAC,CPTAC,S1039,22.6450062753006
C3L-00093.N,CPTAC,CPTAC,S1039,21.8100703951038
C3L-00095.N,CPTAC,CPTAC,S1039,22.4528469354244
C3L-00140.N,CPTAC,CPTAC,S1039,22.2345681801063
C3L-00263.N,CPTAC,CPTAC,S1039,21.749877200181
C3L-00368.N,CPTAC,CPTAC,S1039,23.1373688645157
C3L-00412.N,CPTAC,CPTAC,S1039,22.5858469529148
C3L-00422.N,CPTAC,CPTAC,S1039,22.559691033027
C3L-00510.N,CPTAC,CPTAC,S1039,22.3232468726898
C3L-00604.N,CPTAC,CPTAC,S1039,22.6916855989072
C3L-00893.N,CPTAC,CPTAC,S1039,22.7118339279712
C3L-00913.N,CPTAC,CPTAC,S1039,21.9443984405917
C3L-01330.N,CPTAC,CPTAC,S1039,22.805700816344
C3L-01632.N,CPTAC,CPTAC,S1039,22.9607979679407
C3L-01682.N,CPTAC,CPTAC,S1039,22.1640026072582
C3L-01683.N,CPTAC,CPTAC,S1039,21.7447488267483
C3L-01889.N,CPTAC,CPTAC,S1039,22.9108839937888
C3L-01890.N,CPTAC,CPTAC,S1039,22.7698413994149
C3L-01924.N,CPTAC,CPTAC,S1039,22.5129504291169
C3L-02219.N,CPTAC,CPTAC,S1039,22.3404224057259
C3L-02345.N,CPTAC,CPTAC,S1039,23.2369671926738
C3L-02350.N,CPTAC,CPTAC,S1039,22.0508619474847
C3L-02365.N,CPTAC,CPTAC,S1039,23.061410053981
C3L-02549.N,CPTAC,CPTAC,S1039,22.853804873145
C3N-00167.N,CPTAC,CPTAC,S1039,23.1733447753604
C3N-00169.N,CPTAC,CPTAC,S1039,22.1580947330481
C3N-00175.N,CPTAC,CPTAC,S1039,22.9633615677908
C3N-00180.N,CPTAC,CPTAC,S1039,22.4962617082864
C3N-00199.N,CPTAC,CPTAC,S1039,22.5914705005109
C3N-00203.N,CPTAC,CPTAC,S1039,23.2167733246368
C3N-00217.N,CPTAC,CPTAC,S1039,22.2399812860183
C3N-00433.N,CPTAC,CPTAC,S1039,22.2156892421508
C3N-00546.N,CPTAC,CPTAC,S1039,22.8615137192071
C3N-00547.N,CPTAC,CPTAC,S1039,23.5417344792498
C3N-00549.N,CPTAC,CPTAC,S1039,22.1747713835718
C3N-00550.N,CPTAC,CPTAC,S1039,22.6926050816897
C3N-00551.N,CPTAC,CPTAC,S1039,22.8306857368562
C3N-00552.N,CPTAC,CPTAC,S1039,22.236916888178
C3N-00556.N,CPTAC,CPTAC,S1039,23.999146162023
C3N-00559.N,CPTAC,CPTAC,S1039,22.4820724833728
C3N-00572.N,CPTAC,CPTAC,S1039,22.7545897244482
C3N-00574.N,CPTAC,CPTAC,S1039,23.4274074508012
C3N-00578.N,CPTAC,CPTAC,S1039,22.3172973007275
C3N-00579.N,CPTAC,CPTAC,S1039,22.7696534242982
C3N-00580.N,CPTAC,CPTAC,S1039,22.4834358877707
C3N-00704.N,CPTAC,CPTAC,S1039,24.0215131527281
C3N-00737.N,CPTAC,CPTAC,S1039,23.2421325665214
C3N-00738.N,CPTAC,CPTAC,S1039,22.8352935917234
C3N-00959.N,CPTAC,CPTAC,S1039,23.1712343504263
C3N-01016.N,CPTAC,CPTAC,S1039,22.183279943816
C3N-01021.N,CPTAC,CPTAC,S1039,22.9156795249325
C3N-01023.N,CPTAC,CPTAC,S1039,23.2251794298593
C3N-01024.N,CPTAC,CPTAC,S1039,23.0722227407575
C3N-01030.N,CPTAC,CPTAC,S1039,22.4625387253899
C3N-01071.N,CPTAC,CPTAC,S1039,23.097953409112
C3N-01405.N,CPTAC,CPTAC,S1039,22.7970141070404
C3N-01410.N,CPTAC,CPTAC,S1039,22.6682353861385
C3N-01413.N,CPTAC,CPTAC,S1039,22.7977745047349
C3N-01414.N,CPTAC,CPTAC,S1039,23.2642589393193
C3N-01415.N,CPTAC,CPTAC,S1039,21.7522950423846
C3N-01488.N,CPTAC,CPTAC,S1039,22.9281135098228
C3N-01489.N,CPTAC,CPTAC,S1039,22.532451374388
C3N-01799.N,CPTAC,CPTAC,S1039,22.4974465015579
C3N-01823.N,CPTAC,CPTAC,S1039,23.1650039972461
C3N-02000.N,CPTAC,CPTAC,S1039,22.501231455846
C3N-02002.N,CPTAC,CPTAC,S1039,23.4729088937389
C3N-02003.N,CPTAC,CPTAC,S1039,22.7037167147172
C3N-02067.N,CPTAC,CPTAC,S1039,23.166951123805
C3N-02087.N,CPTAC,CPTAC,S1039,22.512009281734
C3N-02089.N,CPTAC,CPTAC,S1039,21.6122488647457
C3N-02145.N,CPTAC,CPTAC,S1039,22.0434808560488
C3N-02155.N,CPTAC,CPTAC,S1039,22.9454615625748
C3N-02158.N,CPTAC,CPTAC,S1039,24.1534763726244
C3N-02379.N,CPTAC,CPTAC,S1039,22.2259712088738
C3N-02380.N,CPTAC,CPTAC,S1039,22.6425474617305
C3N-02421.N,CPTAC,CPTAC,S1039,23.6082093754741
C3N-02423.N,CPTAC,CPTAC,S1039,23.040252006811
C3N-02529.N,CPTAC,CPTAC,S1039,23.5713448724935
C3N-02572.N,CPTAC,CPTAC,S1039,22.6706405946607
C3N-02582.N,CPTAC,CPTAC,S1039,22.2142447123319
C3N-02586.N,CPTAC,CPTAC,S1039,22.4686194921455
C3N-02587.N,CPTAC,CPTAC,S1039,23.0410723573441
C3N-02588.N,CPTAC,CPTAC,S1039,23.0117251622
C3N-02729.N,CPTAC,CPTAC,S1039,21.6382018506109
C3L-00001.N,CPTAC,CPTAC,Y1197,20.3284002381084
C3L-00009.N,CPTAC,CPTAC,Y1197,20.6423993681693
C3L-00080.N,CPTAC,CPTAC,Y1197,20.214406663394
C3L-00083.N,CPTAC,CPTAC,Y1197,20.3399908053282
C3L-00093.N,CPTAC,CPTAC,Y1197,20.3932584416869
C3L-00094.N,CPTAC,CPTAC,Y1197,20.815461951918
C3L-00095.N,CPTAC,CPTAC,Y1197,20.3945458640776
C3L-00140.N,CPTAC,CPTAC,Y1197,20.241266264327
C3L-00144.N,CPTAC,CPTAC,Y1197,20.5881626311044
C3L-00263.N,CPTAC,CPTAC,Y1197,20.1363804394416
C3L-00279.N,CPTAC,CPTAC,Y1197,20.5068971750841
C3L-00368.N,CPTAC,CPTAC,Y1197,20.7569287249583
C3L-00412.N,CPTAC,CPTAC,Y1197,20.7325676083488
C3L-00422.N,CPTAC,CPTAC,Y1197,20.0303893040308
C3L-00510.N,CPTAC,CPTAC,Y1197,20.2638675358941
C3L-00604.N,CPTAC,CPTAC,Y1197,20.6733422316358
C3L-00893.N,CPTAC,CPTAC,Y1197,20.9098343258522
C3L-00913.N,CPTAC,CPTAC,Y1197,20.607170563569
C3L-01330.N,CPTAC,CPTAC,Y1197,19.7032087283915
C3L-01682.N,CPTAC,CPTAC,Y1197,19.780004405198
C3L-01889.N,CPTAC,CPTAC,Y1197,20.5389665126054
C3L-01890.N,CPTAC,CPTAC,Y1197,20.566267041241
C3L-02219.N,CPTAC,CPTAC,Y1197,20.588976069778
C3L-02345.N,CPTAC,CPTAC,Y1197,20.0006498647693
C3L-02350.N,CPTAC,CPTAC,Y1197,20.205375981307
C3L-02365.N,CPTAC,CPTAC,Y1197,20.0572620912806
C3L-02549.N,CPTAC,CPTAC,Y1197,20.0455020363207
C3N-00169.N,CPTAC,CPTAC,Y1197,19.8553824624799
C3N-00175.N,CPTAC,CPTAC,Y1197,20.0105884271913
C3N-00180.N,CPTAC,CPTAC,Y1197,20.5482839617447
C3N-00199.N,CPTAC,CPTAC,Y1197,20.0892582052
C3N-00203.N,CPTAC,CPTAC,Y1197,21.370601731034
C3N-00223.N,CPTAC,CPTAC,Y1197,20.6793143851302
C3N-00546.N,CPTAC,CPTAC,Y1197,20.8713436106522
C3N-00547.N,CPTAC,CPTAC,Y1197,20.0425855202244
C3N-00549.N,CPTAC,CPTAC,Y1197,20.3917098943048
C3N-00550.N,CPTAC,CPTAC,Y1197,19.8825849958566
C3N-00551.N,CPTAC,CPTAC,Y1197,20.1818492267407
C3N-00552.N,CPTAC,CPTAC,Y1197,20.2600121148832
C3N-00556.N,CPTAC,CPTAC,Y1197,19.6877891869872
C3N-00559.N,CPTAC,CPTAC,Y1197,20.4274379460418
C3N-00572.N,CPTAC,CPTAC,Y1197,20.7104408060877
C3N-00574.N,CPTAC,CPTAC,Y1197,21.4243963586464
C3N-00578.N,CPTAC,CPTAC,Y1197,20.0311320454183
C3N-00579.N,CPTAC,CPTAC,Y1197,19.9661149763147
C3N-00580.N,CPTAC,CPTAC,Y1197,19.6628983231607
C3N-00704.N,CPTAC,CPTAC,Y1197,21.1336980072421
C3N-00738.N,CPTAC,CPTAC,Y1197,20.179046599068
C3N-00959.N,CPTAC,CPTAC,Y1197,20.4975946078965
C3N-01016.N,CPTAC,CPTAC,Y1197,20.1072292673941
C3N-01021.N,CPTAC,CPTAC,Y1197,19.7315451779549
C3N-01023.N,CPTAC,CPTAC,Y1197,19.9005935434122
C3N-01024.N,CPTAC,CPTAC,Y1197,20.2483777890784
C3N-01030.N,CPTAC,CPTAC,Y1197,20.7230793193245
C3N-01071.N,CPTAC,CPTAC,Y1197,19.8617759467418
C3N-01072.N,CPTAC,CPTAC,Y1197,19.9200373633162
C3N-01410.N,CPTAC,CPTAC,Y1197,19.9168786996264
C3N-01413.N,CPTAC,CPTAC,Y1197,20.3529554943699
C3N-01414.N,CPTAC,CPTAC,Y1197,20.0026493869418
C3N-01415.N,CPTAC,CPTAC,Y1197,20.4121705206316
C3N-01416.N,CPTAC,CPTAC,Y1197,20.3082560503685
C3N-01488.N,CPTAC,CPTAC,Y1197,20.5354055079198
C3N-01799.N,CPTAC,CPTAC,Y1197,20.6557394217703
C3N-01823.N,CPTAC,CPTAC,Y1197,20.5661030992874
C3N-02003.N,CPTAC,CPTAC,Y1197,19.9298309490807
C3N-02067.N,CPTAC,CPTAC,Y1197,20.3965399220405
C3N-02087.N,CPTAC,CPTAC,Y1197,20.4032302157251
C3N-02089.N,CPTAC,CPTAC,Y1197,19.4855728717532
C3N-02145.N,CPTAC,CPTAC,Y1197,20.0691254781637
C3N-02149.N,CPTAC,CPTAC,Y1197,20.1252033527294
C3N-02158.N,CPTAC,CPTAC,Y1197,20.2050198683685
C3N-02379.N,CPTAC,CPTAC,Y1197,20.3021042518122
C3N-02421.N,CPTAC,CPTAC,Y1197,20.2639782401083
C3N-02423.N,CPTAC,CPTAC,Y1197,20.2404445079105
C3N-02424.N,CPTAC,CPTAC,Y1197,20.7031286891569
C3N-02433.N,CPTAC,CPTAC,Y1197,20.7679737046969
C3N-02529.N,CPTAC,CPTAC,Y1197,20.5169968349629
C3N-02572.N,CPTAC,CPTAC,Y1197,20.3854909659471
C3N-02582.N,CPTAC,CPTAC,Y1197,20.1841054490856
C3N-02586.N,CPTAC,CPTAC,Y1197,20.8330916471615
C3N-02587.N,CPTAC,CPTAC,Y1197,21.1416306687993
C3N-02588.N,CPTAC,CPTAC,Y1197,20.4820402305004
C3N-02729.N,CPTAC,CPTAC,Y1197,20.5356234644384
C3L-00009.N,CPTAC,CPTAC,S1071,19.6266742538673
C3L-00093.N,CPTAC,CPTAC,S1071,20.3732792257179
C3L-00412.N,CPTAC,CPTAC,S1071,19.0946446487344
C3L-00510.N,CPTAC,CPTAC,S1071,20.0201916365924
C3L-00604.N,CPTAC,CPTAC,S1071,20.6338599789022
C3L-00893.N,CPTAC,CPTAC,S1071,19.9900514007592
C3L-00913.N,CPTAC,CPTAC,S1071,20.85376690717
C3L-01330.N,CPTAC,CPTAC,S1071,20.0469556639419
C3L-01889.N,CPTAC,CPTAC,S1071,19.7888417337655
C3L-01890.N,CPTAC,CPTAC,S1071,20.6126975263032
C3L-02219.N,CPTAC,CPTAC,S1071,19.7268638228835
C3L-02345.N,CPTAC,CPTAC,S1071,19.297943897153
C3L-02350.N,CPTAC,CPTAC,S1071,18.2894321935802
C3L-02365.N,CPTAC,CPTAC,S1071,20.2055195139375
C3L-02549.N,CPTAC,CPTAC,S1071,20.0625392965766
C3N-00175.N,CPTAC,CPTAC,S1071,19.631905592769
C3N-00180.N,CPTAC,CPTAC,S1071,20.5388164454007
C3N-00199.N,CPTAC,CPTAC,S1071,20.1161810225517
C3N-00203.N,CPTAC,CPTAC,S1071,19.9325053743005
C3N-00546.N,CPTAC,CPTAC,S1071,19.6341322635053
C3N-00549.N,CPTAC,CPTAC,S1071,20.5731393333828
C3N-00552.N,CPTAC,CPTAC,S1071,20.2930497841855
C3N-00572.N,CPTAC,CPTAC,S1071,21.0603116381797
C3N-00574.N,CPTAC,CPTAC,S1071,19.7506752798941
C3N-00579.N,CPTAC,CPTAC,S1071,20.4084325704898
C3N-00738.N,CPTAC,CPTAC,S1071,19.5359238037615
C3N-00959.N,CPTAC,CPTAC,S1071,19.9939824075205
C3N-01021.N,CPTAC,CPTAC,S1071,19.6478205905601
C3N-01030.N,CPTAC,CPTAC,S1071,20.1902633576283
C3N-01413.N,CPTAC,CPTAC,S1071,20.1621544782573
C3N-01414.N,CPTAC,CPTAC,S1071,19.7051183310381
C3N-01415.N,CPTAC,CPTAC,S1071,20.3536680695958
C3N-01488.N,CPTAC,CPTAC,S1071,20.7643159955527
C3N-01799.N,CPTAC,CPTAC,S1071,20.495867914122
C3N-01823.N,CPTAC,CPTAC,S1071,20.1223043342347
C3N-02003.N,CPTAC,CPTAC,S1071,19.3022984816535
C3N-02087.N,CPTAC,CPTAC,S1071,19.9993810895719
C3N-02145.N,CPTAC,CPTAC,S1071,20.1977480933682
C3N-02379.N,CPTAC,CPTAC,S1071,19.5775858938116
C3N-02423.N,CPTAC,CPTAC,S1071,21.2938242061304
C3N-02433.N,CPTAC,CPTAC,S1071,20.7540592831373
C3N-02582.N,CPTAC,CPTAC,S1071,19.9183606333432
C3N-02586.N,CPTAC,CPTAC,S1071,20.3963790750456
C3N-02587.N,CPTAC,CPTAC,S1071,20.389826130273
C3N-02588.N,CPTAC,CPTAC,S1071,19.8224029831504
C3L-00001.N,CPTAC,CPTAC,S1166,22.4115243056164
C3L-00009.N,CPTAC,CPTAC,S1166,21.6874699349477
C3L-00094.N,CPTAC,CPTAC,S1166,22.7664881937161
C3L-00144.N,CPTAC,CPTAC,S1166,22.2811401207373
C3L-00263.N,CPTAC,CPTAC,S1166,21.3464432697387
C3L-00412.N,CPTAC,CPTAC,S1166,21.4042954260887
C3L-00604.N,CPTAC,CPTAC,S1166,22.4590691742154
C3L-01683.N,CPTAC,CPTAC,S1166,22.2134000329163
C3L-01924.N,CPTAC,CPTAC,S1166,21.711994526846
C3L-02219.N,CPTAC,CPTAC,S1166,22.7181240042441
C3L-02365.N,CPTAC,CPTAC,S1166,22.5509289344955
C3L-02549.N,CPTAC,CPTAC,S1166,22.3165576396008
C3N-00167.N,CPTAC,CPTAC,S1166,21.960864991764
C3N-00175.N,CPTAC,CPTAC,S1166,20.9298208160304
C3N-00180.N,CPTAC,CPTAC,S1166,21.623698258382
C3N-00199.N,CPTAC,CPTAC,S1166,22.2265945612527
C3N-00223.N,CPTAC,CPTAC,S1166,22.5796335580612
C3N-00293.N,CPTAC,CPTAC,S1166,22.3611616717119
C3N-00433.N,CPTAC,CPTAC,S1166,21.6017377201232
C3N-00546.N,CPTAC,CPTAC,S1166,22.2465655271549
C3N-00549.N,CPTAC,CPTAC,S1166,21.6191777836825
C3N-00550.N,CPTAC,CPTAC,S1166,22.3217828258123
C3N-00556.N,CPTAC,CPTAC,S1166,23.414460530245
C3N-00578.N,CPTAC,CPTAC,S1166,21.8907118813891
C3N-00579.N,CPTAC,CPTAC,S1166,22.607258742553
C3N-00704.N,CPTAC,CPTAC,S1166,22.7142018835151
C3N-01071.N,CPTAC,CPTAC,S1166,21.9586669447246
C3N-01072.N,CPTAC,CPTAC,S1166,22.4520038125149
C3N-01410.N,CPTAC,CPTAC,S1166,20.5053916663046
C3N-01414.N,CPTAC,CPTAC,S1166,22.1097688535512
C3N-01415.N,CPTAC,CPTAC,S1166,21.6883848551866
C3N-01823.N,CPTAC,CPTAC,S1166,21.9859511099301
C3N-02087.N,CPTAC,CPTAC,S1166,21.2986317569418
C3N-02145.N,CPTAC,CPTAC,S1166,20.9092638878921
C3N-02158.N,CPTAC,CPTAC,S1166,23.0267079050402
C3N-02380.N,CPTAC,CPTAC,S1166,22.7942866480838
C3N-02421.N,CPTAC,CPTAC,S1166,22.6961669138731
C3N-02433.N,CPTAC,CPTAC,S1166,22.7236385378168
C3N-02582.N,CPTAC,CPTAC,S1166,22.7212187726662
C3N-02586.N,CPTAC,CPTAC,S1166,21.8682194363308
C3N-02729.N,CPTAC,CPTAC,S1166,22.056749531119905
C3L-00001.N,CPTAC,CPTAC,Y1172,18.2272823414161
C3L-00009.N,CPTAC,CPTAC,Y1172,18.943227094608
C3L-00080.N,CPTAC,CPTAC,Y1172,18.4959207739934
C3L-00140.N,CPTAC,CPTAC,Y1172,17.961018816435
C3L-00263.N,CPTAC,CPTAC,Y1172,18.695360253151
C3L-00279.N,CPTAC,CPTAC,Y1172,18.3509477444261
C3L-00368.N,CPTAC,CPTAC,Y1172,18.0428778618427
C3L-00604.N,CPTAC,CPTAC,Y1172,18.8903685858065
C3L-01632.N,CPTAC,CPTAC,Y1172,19.0090472434425
C3N-00167.N,CPTAC,CPTAC,Y1172,18.5838430482068
C3N-00199.N,CPTAC,CPTAC,Y1172,19.3613091612686
C3N-00217.N,CPTAC,CPTAC,Y1172,19.5572335831056
C3N-00546.N,CPTAC,CPTAC,Y1172,19.0909138561147
C3N-00547.N,CPTAC,CPTAC,Y1172,17.5820638650103
C3N-00550.N,CPTAC,CPTAC,Y1172,18.4446468437134
C3N-00556.N,CPTAC,CPTAC,Y1172,18.4256154714471
C3N-00578.N,CPTAC,CPTAC,Y1172,18.7266435581627
C3N-00579.N,CPTAC,CPTAC,Y1172,19.21606896076
C3N-00704.N,CPTAC,CPTAC,Y1172,19.1508241957678
C3N-00737.N,CPTAC,CPTAC,Y1172,18.419477459015
C3N-01023.N,CPTAC,CPTAC,Y1172,17.7411370684804
C3N-01024.N,CPTAC,CPTAC,Y1172,18.5504674451092
C3N-01071.N,CPTAC,CPTAC,Y1172,18.3590239090169
C3N-01405.N,CPTAC,CPTAC,Y1172,18.935919120144
C3N-01410.N,CPTAC,CPTAC,Y1172,18.5084950209496
C3N-01414.N,CPTAC,CPTAC,Y1172,18.8998931446981
C3N-01416.N,CPTAC,CPTAC,Y1172,18.5527696294692
C3N-01489.N,CPTAC,CPTAC,Y1172,18.6239223399059
C3N-02000.N,CPTAC,CPTAC,Y1172,18.8405818201097
C3N-02002.N,CPTAC,CPTAC,Y1172,19.2773703067221
C3N-02067.N,CPTAC,CPTAC,Y1172,18.1947390744944
C3N-02087.N,CPTAC,CPTAC,Y1172,18.8518046655026
C3N-02149.N,CPTAC,CPTAC,Y1172,18.4174548029585
C3N-02155.N,CPTAC,CPTAC,Y1172,19.4847971642841
C3N-02158.N,CPTAC,CPTAC,Y1172,18.57962347382709
C3N-02421.N,CPTAC,CPTAC,Y1172,19.201457971385
C3N-02424.N,CPTAC,CPTAC,Y1172,18.7425888792658
C3N-02529.N,CPTAC,CPTAC,Y1172,18.1527361753539
C3N-02582.N,CPTAC,CPTAC,Y1172,19.123044192761
C3N-02729.N,CPTAC,CPTAC,Y1172,18.3543338291727
C3L-00001.N,CPTAC,CPTAC,S1042,19.1934898122179
C3L-00009.N,CPTAC,CPTAC,S1042,18.6670516252117
C3L-00093.N,CPTAC,CPTAC,S1042,19.5238186550954
C3L-00095.N,CPTAC,CPTAC,S1042,19.1950931293768
C3L-00140.N,CPTAC,CPTAC,S1042,19.0748349897112
C3L-00279.N,CPTAC,CPTAC,S1042,19.0033032803531
C3L-00368.N,CPTAC,CPTAC,S1042,19.285152608582
C3L-00412.N,CPTAC,CPTAC,S1042,18.6259260943815
C3L-00510.N,CPTAC,CPTAC,S1042,19.079338732936
C3L-00913.N,CPTAC,CPTAC,S1042,19.5590959587926
C3L-01330.N,CPTAC,CPTAC,S1042,19.4414230004883
C3L-02219.N,CPTAC,CPTAC,S1042,19.4913825932285
C3L-02345.N,CPTAC,CPTAC,S1042,19.3673969290296
C3N-00167.N,CPTAC,CPTAC,S1042,19.0969679324485
C3N-00180.N,CPTAC,CPTAC,S1042,18.9650577104085
C3N-00203.N,CPTAC,CPTAC,S1042,18.9862150754636
C3N-00546.N,CPTAC,CPTAC,S1042,18.4532347422707
C3N-00549.N,CPTAC,CPTAC,S1042,18.8815490257283
C3N-00550.N,CPTAC,CPTAC,S1042,19.1325179424562
C3N-00556.N,CPTAC,CPTAC,S1042,19.6883863221679
C3N-00559.N,CPTAC,CPTAC,S1042,19.701412229767
C3N-00574.N,CPTAC,CPTAC,S1042,19.0781574502307
C3N-00704.N,CPTAC,CPTAC,S1042,19.1451978997547
C3N-01021.N,CPTAC,CPTAC,S1042,18.9822711271184
C3N-01071.N,CPTAC,CPTAC,S1042,19.3788726417434
C3N-01414.N,CPTAC,CPTAC,S1042,18.9227889561392
C3N-01415.N,CPTAC,CPTAC,S1042,18.9393217787104
C3N-01416.N,CPTAC,CPTAC,S1042,18.9747930642979
C3N-02067.N,CPTAC,CPTAC,S1042,19.2831852863452
C3N-02087.N,CPTAC,CPTAC,S1042,18.6502144503714
C3N-02145.N,CPTAC,CPTAC,S1042,19.3355877327241
C3N-02149.N,CPTAC,CPTAC,S1042,19.2557614388442
C3N-02158.N,CPTAC,CPTAC,S1042,19.3264413633387
C3N-02421.N,CPTAC,CPTAC,S1042,18.924324982456
C3N-02424.N,CPTAC,CPTAC,S1042,19.0385290752618
C3N-02433.N,CPTAC,CPTAC,S1042,19.0890706913151
C3N-02529.N,CPTAC,CPTAC,S1042,19.200763313714
C3N-02572.N,CPTAC,CPTAC,S1042,19.3346736938608
C3N-02586.N,CPTAC,CPTAC,S1042,19.3002394313988
C3L-00083.N,CPTAC,CPTAC,S1026,17.3526188445898
C3L-00140.N,CPTAC,CPTAC,S1026,17.0323614415371
C3L-00279.N,CPTAC,CPTAC,S1026,17.6621644837332
C3L-00368.N,CPTAC,CPTAC,S1026,17.4645105939426
C3L-00422.N,CPTAC,CPTAC,S1026,17.8166509152974
C3L-01330.N,CPTAC,CPTAC,S1026,17.5413343880564
C3L-01632.N,CPTAC,CPTAC,S1026,18.3427548076828
C3L-01889.N,CPTAC,CPTAC,S1026,17.842771420035
C3L-02219.N,CPTAC,CPTAC,S1026,16.4147359828361
C3L-02365.N,CPTAC,CPTAC,S1026,17.5157542662798
C3L-02549.N,CPTAC,CPTAC,S1026,17.6092204660456
C3N-00169.N,CPTAC,CPTAC,S1026,17.8308389060457
C3N-00175.N,CPTAC,CPTAC,S1026,16.8533779443282
C3N-00180.N,CPTAC,CPTAC,S1026,17.0329728658981
C3N-00203.N,CPTAC,CPTAC,S1026,17.6703961652409
C3N-00217.N,CPTAC,CPTAC,S1026,17.5617862847626
C3N-00551.N,CPTAC,CPTAC,S1026,17.7443265253938
C3N-00552.N,CPTAC,CPTAC,S1026,17.6300202362307
C3N-00574.N,CPTAC,CPTAC,S1026,17.8569461328888
C3N-00704.N,CPTAC,CPTAC,S1026,18.5298424811137
C3N-01021.N,CPTAC,CPTAC,S1026,17.5762170786669
C3N-01030.N,CPTAC,CPTAC,S1026,17.9479234577263
C3N-01416.N,CPTAC,CPTAC,S1026,17.1944714365324
C3N-01823.N,CPTAC,CPTAC,S1026,17.6380318511124
C3N-02002.N,CPTAC,CPTAC,S1026,18.0894503231512
C3N-02067.N,CPTAC,CPTAC,S1026,17.1903472974422
C3N-02145.N,CPTAC,CPTAC,S1026,17.291992957263
C3N-02149.N,CPTAC,CPTAC,S1026,17.7668530181632
C3N-02155.N,CPTAC,CPTAC,S1026,17.8947835947149
C3N-02158.N,CPTAC,CPTAC,S1026,17.7585458945985
C3N-02421.N,CPTAC,CPTAC,S1026,18.0092660040616
C3N-02424.N,CPTAC,CPTAC,S1026,17.5586776965464
C3N-02529.N,CPTAC,CPTAC,S1026,17.3946522304361
C3N-02586.N,CPTAC,CPTAC,S1026,17.8745803816681
C3N-02588.N,CPTAC,CPTAC,S1026,17.7923161507844
C3L-00009.N,CPTAC,CPTAC,Y1092,16.5528303710757
C3L-00140.N,CPTAC,CPTAC,Y1092,17.2902785436959
C3L-00368.N,CPTAC,CPTAC,Y1092,17.4230590707308
C3L-00412.N,CPTAC,CPTAC,Y1092,17.971204015726
C3L-00604.N,CPTAC,CPTAC,Y1092,17.6311268651705
C3L-01330.N,CPTAC,CPTAC,Y1092,18.3207842231429
C3L-02350.N,CPTAC,CPTAC,Y1092,17.3199706428715
C3L-02365.N,CPTAC,CPTAC,Y1092,18.3678711603755
C3L-02549.N,CPTAC,CPTAC,Y1092,17.5555994001324
C3N-00175.N,CPTAC,CPTAC,Y1092,17.6355954446073
C3N-00199.N,CPTAC,CPTAC,Y1092,17.264347441012
C3N-00203.N,CPTAC,CPTAC,Y1092,18.0864136512396
C3N-00546.N,CPTAC,CPTAC,Y1092,17.5678096926072
C3N-00549.N,CPTAC,CPTAC,Y1092,17.4156722972217
C3N-00556.N,CPTAC,CPTAC,Y1092,17.7431913487179
C3N-00574.N,CPTAC,CPTAC,Y1092,17.5872365357205
C3N-00579.N,CPTAC,CPTAC,Y1092,17.6866279877531
C3N-00704.N,CPTAC,CPTAC,Y1092,17.8735875595091
C3N-00738.N,CPTAC,CPTAC,Y1092,17.6834873940526
C3N-00959.N,CPTAC,CPTAC,Y1092,17.6269043671779
C3N-01021.N,CPTAC,CPTAC,Y1092,17.5237394098533
C3N-01414.N,CPTAC,CPTAC,Y1092,16.9742492306172
C3N-01415.N,CPTAC,CPTAC,Y1092,17.8297712323149
C3N-01823.N,CPTAC,CPTAC,Y1092,17.8927385266664
C3N-02003.N,CPTAC,CPTAC,Y1092,17.2174862263271
C3N-02067.N,CPTAC,CPTAC,Y1092,17.855621307407
C3N-02087.N,CPTAC,CPTAC,Y1092,17.2191074588919
C3N-02158.N,CPTAC,CPTAC,Y1092,17.8943145206682
C3N-02379.N,CPTAC,CPTAC,Y1092,17.5923102799153
C3N-02421.N,CPTAC,CPTAC,Y1092,17.3898112089121
C3N-02433.N,CPTAC,CPTAC,Y1092,17.3778808097803
C3N-02529.N,CPTAC,CPTAC,Y1092,17.6724931756524
C3N-02582.N,CPTAC,CPTAC,Y1092,17.3933486499591
C3L-00093.N,CPTAC,CPTAC,T1041,17.7156647592615
C3L-00510.N,CPTAC,CPTAC,T1041,17.440649254351
C3L-00604.N,CPTAC,CPTAC,T1041,18.2433000567799
C3L-00913.N,CPTAC,CPTAC,T1041,17.0207860280336
C3L-01682.N,CPTAC,CPTAC,T1041,18.0312595746485
C3L-02345.N,CPTAC,CPTAC,T1041,17.3014438628786
C3L-02350.N,CPTAC,CPTAC,T1041,17.0229655753792
C3N-00199.N,CPTAC,CPTAC,T1041,17.9235232126335
C3N-00579.N,CPTAC,CPTAC,T1041,18.2107308601293
C3N-00580.N,CPTAC,CPTAC,T1041,17.7059535284165
C3N-00738.N,CPTAC,CPTAC,T1041,18.1956906598095
C3N-00959.N,CPTAC,CPTAC,T1041,17.7180710035464
C3N-01016.N,CPTAC,CPTAC,T1041,17.2760803873035
C3N-02003.N,CPTAC,CPTAC,T1041,18.4384539538176
C3N-02089.N,CPTAC,CPTAC,T1041,17.2195099511577
C3N-02379.N,CPTAC,CPTAC,T1041,17.6779499663105
C3N-02582.N,CPTAC,CPTAC,T1041,18.130953647419
C3L-00093.N,CPTAC,CPTAC,S695,15.4910895757967
C3L-00510.N,CPTAC,CPTAC,S695,14.9282803012428
C3L-00604.N,CPTAC,CPTAC,S695,15.279802893316
C3L-00913.N,CPTAC,CPTAC,S695,15.7497993025968
C3L-01632.N,CPTAC,CPTAC,S695,15.4304801642183
C3L-01682.N,CPTAC,CPTAC,S695,14.6867002639734
C3L-02345.N,CPTAC,CPTAC,S695,14.9240737624335
C3N-00199.N,CPTAC,CPTAC,S695,15.7364859058207
C3N-00217.N,CPTAC,CPTAC,S695,15.3676064832918
C3N-00579.N,CPTAC,CPTAC,S695,15.3568712210341
C3N-00580.N,CPTAC,CPTAC,S695,13.9673024680014
C3N-01016.N,CPTAC,CPTAC,S695,14.5804991498687
C3N-02002.N,CPTAC,CPTAC,S695,15.1783638962183
C3N-02089.N,CPTAC,CPTAC,S695,14.6783435756175
C3N-02155.N,CPTAC,CPTAC,S695,15.0383458476609
C3N-02582.N,CPTAC,CPTAC,S695,15.5767277730077
C3L-00279.N,CPTAC,CPTAC,T993,17.1229991510144
C3L-01632.N,CPTAC,CPTAC,T993,16.198558846321
C3L-01890.N,CPTAC,CPTAC,T993,16.493380463986
C3L-02219.N,CPTAC,CPTAC,T993,16.8920361302797
C3N-00180.N,CPTAC,CPTAC,T993,16.8523224827509
C3N-00217.N,CPTAC,CPTAC,T993,16.9470613315677
C3N-00572.N,CPTAC,CPTAC,T993,16.4283965744446
C3N-01416.N,CPTAC,CPTAC,T993,16.9992098858631
C3N-01799.N,CPTAC,CPTAC,T993,16.2651632455382
C3N-02002.N,CPTAC,CPTAC,T993,16.3881777907355
C3N-02145.N,CPTAC,CPTAC,T993,17.0037792794388
C3N-02149.N,CPTAC,CPTAC,T993,17.0798399752256
C3N-02155.N,CPTAC,CPTAC,T993,16.5216574874144
C3N-02423.N,CPTAC,CPTAC,T993,16.8320907123052
C3N-02424.N,CPTAC,CPTAC,T993,16.4146481416189
C3N-02586.N,CPTAC,CPTAC,T993,16.5968041974574
C3L-00140.N,CPTAC,CPTAC,S1045,16.4883102042249
C3L-00368.N,CPTAC,CPTAC,S1045,16.2057590759484
C3L-01330.N,CPTAC,CPTAC,S1045,17.0871579896939
C3L-02219.N,CPTAC,CPTAC,S1045,15.5954969309952
C3N-00180.N,CPTAC,CPTAC,S1045,16.2316300428837
C3N-00203.N,CPTAC,CPTAC,S1045,16.5164358999019
C3N-00574.N,CPTAC,CPTAC,S1045,16.7863087814663
C3N-01021.N,CPTAC,CPTAC,S1045,16.5607673586975
C3N-02067.N,CPTAC,CPTAC,S1045,16.3254434786916
C3N-02145.N,CPTAC,CPTAC,S1045,16.0970307575511
C3N-02529.N,CPTAC,CPTAC,S1045,16.9225942621304
C3N-02586.N,CPTAC,CPTAC,S1045,15.6192706887557
C3L-00263.N,CPTAC,CPTAC,S1025,15.9470324809265
C3N-00578.N,CPTAC,CPTAC,S1025,15.4666634434734
C3N-00737.N,CPTAC,CPTAC,S1025,15.4504802341369
C3N-01405.N,CPTAC,CPTAC,S1025,15.50595238714
C3N-01410.N,CPTAC,CPTAC,S1025,15.8852151536743
C3N-01489.N,CPTAC,CPTAC,S1025,15.6148414847611
C3N-02000.N,CPTAC,CPTAC,S1025,15.5245506987829
C3N-02729.N,CPTAC,CPTAC,S1025,15.6537111773257
C3L-00604.N,CPTAC,CPTAC,S1081,12.6489579776735
C3N-00199.N,CPTAC,CPTAC,S1081,13.1003487695872
C3N-00579.N,CPTAC,CPTAC,S1081,12.1011927537996
C3N-02582.N,CPTAC,CPTAC,S1081,12.2913875532134
C3L-02365.N,CPTAC,CPTAC,T1085,12.1456913714847
C3L-02549.N,CPTAC,CPTAC,T1085,11.8520643770042
C3N-00175.N,CPTAC,CPTAC,T1085,12.2033152139445
C3N-01823.N,CPTAC,CPTAC,T1085,12.0168037211357
C3L-00973.N,CPTAC,CPTAC,Y1016,12.9586616576777
C3L-02348.N,CPTAC,CPTAC,Y1016,13.0265633533204
C3L-02508.N,CPTAC,CPTAC,Y1016,12.5166284637481
C3N-00560.N,CPTAC,CPTAC,Y1016,13.122930144338
C3L-00604.N,CPTAC,CPTAC,Y1069,11.8281901829503
C3N-00199.N,CPTAC,CPTAC,Y1069,12.8601773850443
C3N-00579.N,CPTAC,CPTAC,Y1069,12.6752511917185
C3N-02582.N,CPTAC,CPTAC,Y1069,12.8166009366407
C3N-00556.N,CPTAC,CPTAC,Y1110,10.264839335257
C3N-00704.N,CPTAC,CPTAC,Y1110,10.7843341449063
C3N-02158.N,CPTAC,CPTAC,Y1110,10.6979124335979
C3N-02421.N,CPTAC,CPTAC,Y1110,10.7678084333915
