patient_id,gene,mutation,EGFR_type,mutation_class,is_nonsynonymous,is_egfr_hotspot,egfr_hotspot_label,cohort,batch_domain
TCGA-05-4382-01,EGFR,R222L E545Q,Other,other,0,0,other,TCGA,TCGA
TCGA-05-4402-01,EGFR,T751_I759delinsN I759N,Exon19,deletion,1,0,other,TCGA,TCGA
TCGA-05-4410-01,EGFR,R377S,Other,other,0,0,other,TCGA,TCGA
TCGA-05-5423-01,EGFR,L833F L861Q,Other,other,0,0,other,TCGA,TCGA
TCGA-17-Z026-01,EGFR,G721V,Other,other,0,0,other,TCGA,TCGA
TCGA-17-Z032-01,EGFR,E746_A750del,Exon19,deletion,1,0,other,TCGA,TCGA
TCGA-17-Z047-01,EGFR,L858R,L858R,other,0,1,L858R,TCGA,TCGA
TCGA-17-Z048-01,EGFR,D770_N771insGL,Other,other,0,0,other,TCGA,TCGA
TCGA-38-4627-01,EGFR,L62R L858R,L858R,other,0,1,L858R,TCGA,TCGA
TCGA-38-4628-01,EGFR,E746_A750del,Exon19,deletion,1,0,other,TCGA,TCGA
TCGA-38-6178-01,EGFR,E746_A750del,Exon19,deletion,1,0,other,TCGA,TCGA
TCGA-44-5645-01,EGFR,A767_V769dup,Other,other,0,0,other,TCGA,TCGA
TCGA-44-A4SU-01,EGFR,G719C S768I,Other,other,0,0,other,TCGA,TCGA
TCGA-49-4490-01,EGFR,L858R,L858R,other,0,1,L858R,TCGA,TCGA
TCGA-49-4494-01,EGFR,L858R T790M,L858R,other,0,1,L858R,TCGA,TCGA
TCGA-49-4501-01,EGFR,E746_A750del,Exon19,deletion,1,0,other,TCGA,TCGA
TCGA-50-5066-01,EGFR,X210_splice,Other,splice,1,0,other,TCGA,TCGA
TCGA-50-5944-01,EGFR,L858R,L858R,other,0,1,L858R,TCGA,TCGA
TCGA-50-6591-01,EGFR,K754_I759del L833V,Exon19,deletion,1,0,other,TCGA,TCGA
TCGA-50-6595-01,EGFR,G719A S768I,Other,other,0,0,other,TCGA,TCGA
TCGA-50-6673-01,EGFR,H773dup,Other,other,0,0,other,TCGA,TCGA
TCGA-55-6968-01,EGFR,E866K,Other,other,0,0,other,TCGA,TCGA
TCGA-55-6980-01,EGFR,E709_T710delinsD,Exon19,deletion,1,0,other,TCGA,TCGA
TCGA-55-6981-01,EGFR,L747_T751del,Exon19,deletion,1,0,other,TCGA,TCGA
TCGA-55-7570-01,EGFR,V300M,Other,other,0,0,other,TCGA,TCGA
TCGA-55-7573-01,EGFR,K754E L747_E749del,Exon19,deletion,1,0,other,TCGA,TCGA
TCGA-55-8096-01,EGFR,L858R,L858R,other,0,1,L858R,TCGA,TCGA
TCGA-55-8206-01,EGFR,E746_A750del,Exon19,deletion,1,0,other,TCGA,TCGA
TCGA-55-8506-01,EGFR,L858R,L858R,other,0,1,L858R,TCGA,TCGA
TCGA-55-A48Z-01,EGFR,G719A,Other,other,0,0,other,TCGA,TCGA
TCGA-55-A57B-01,EGFR,L747_T751del,Exon19,deletion,1,0,other,TCGA,TCGA
TCGA-62-8394-01,EGFR,L858R,L858R,other,0,1,L858R,TCGA,TCGA
TCGA-62-8402-01,EGFR,E746_A750del,Exon19,deletion,1,0,other,TCGA,TCGA
TCGA-62-A46U-01,EGFR,E746_A750del,Exon19,deletion,1,0,other,TCGA,TCGA
TCGA-64-1681-01,EGFR,L858R,L858R,other,0,1,L858R,TCGA,TCGA
TCGA-67-3770-01,EGFR,L858R,L858R,other,0,1,L858R,TCGA,TCGA
TCGA-67-3772-01,EGFR,L858R,L858R,other,0,1,L858R,TCGA,TCGA
TCGA-67-6217-01,EGFR,L858R,L858R,other,0,1,L858R,TCGA,TCGA
TCGA-69-7760-01,EGFR,E709_T710delinsD,Exon19,deletion,1,0,other,TCGA,TCGA
TCGA-69-7765-01,EGFR,Q486*,Other,other,0,0,other,TCGA,TCGA
TCGA-71-8520-01,EGFR,L62R L858R,L858R,other,0,1,L858R,TCGA,TCGA
TCGA-75-6207-01,EGFR,E746_A750del,Exon19,deletion,1,0,other,TCGA,TCGA
TCGA-75-6212-01,EGFR,L747_A750delinsP,Exon19,deletion,1,0,other,TCGA,TCGA
TCGA-75-7025-01,EGFR,E746_A750del,Exon19,deletion,1,0,other,TCGA,TCGA
TCGA-78-7147-01,EGFR,L861Q D1083Efs*11 L387M,Other,other,0,0,other,TCGA,TCGA
TCGA-78-7155-01,EGFR,K754I G901V Q432H,Other,other,0,0,other,TCGA,TCGA
TCGA-78-7158-01,EGFR,L907M,Other,other,0,0,other,TCGA,TCGA
TCGA-86-8055-01,EGFR,L858R,L858R,other,0,1,L858R,TCGA,TCGA
TCGA-86-8074-01,EGFR,E746_A750del,Exon19,deletion,1,0,other,TCGA,TCGA
TCGA-86-8075-01,EGFR,L858R,L858R,other,0,1,L858R,TCGA,TCGA
TCGA-86-8280-01,EGFR,E746_A750del,Exon19,deletion,1,0,other,TCGA,TCGA
TCGA-86-8668-01,EGFR,L858R,L858R,other,0,1,L858R,TCGA,TCGA
TCGA-86-A4P7-01,EGFR,E709_T710delinsD,Exon19,deletion,1,0,other,TCGA,TCGA
TCGA-91-6835-01,EGFR,L858R,L858R,other,0,1,L858R,TCGA,TCGA
TCGA-93-A4JP-01,EGFR,L861Q,Other,other,0,0,other,TCGA,TCGA
TCGA-95-7039-01,EGFR,S921R,Other,other,0,0,other,TCGA,TCGA
TCGA-95-7947-01,EGFR,I91V R1052I,Other,other,0,0,other,TCGA,TCGA
TCGA-97-8171-01,EGFR,E746_A750del,Exon19,deletion,1,0,other,TCGA,TCGA
TCGA-97-8172-01,EGFR,G627*,Other,other,0,0,other,TCGA,TCGA
TCGA-97-8177-01,EGFR,L858R,L858R,other,0,1,L858R,TCGA,TCGA
TCGA-97-8547-01,EGFR,E746_A750del,Exon19,deletion,1,0,other,TCGA,TCGA
TCGA-97-8552-01,EGFR,E746_A750del,Exon19,deletion,1,0,other,TCGA,TCGA
TCGA-97-A4M1-01,EGFR,L858R,L858R,other,0,1,L858R,TCGA,TCGA
TCGA-97-A4M6-01,EGFR,E746_A750del,Exon19,deletion,1,0,other,TCGA,TCGA
TCGA-97-A4M7-01,EGFR,L858R,L858R,other,0,1,L858R,TCGA,TCGA
TCGA-J2-8192-01,EGFR,E746_A750del,Exon19,deletion,1,0,other,TCGA,TCGA
TCGA-L9-A50W-01,EGFR,L858R T790M,L858R,other,0,1,L858R,TCGA,TCGA
TCGA-MP-A4SW-01,EGFR,L858R,L858R,other,0,1,L858R,TCGA,TCGA
TCGA-MP-A4T6-01,EGFR,L747_A750delinsP,Exon19,deletion,1,0,other,TCGA,TCGA
TCGA-MP-A4T9-01,EGFR,L858R,L858R,other,0,1,L858R,TCGA,TCGA
